timestamp,open,high,low,close,volume,turnover
2024-02-27 22:03:00,56741.2,56816.2,56741.2,56793.3,201.081,11417543.145
2024-02-27 22:06:00,56793.3,56808.3,56702.1,56719.5,372.914,21162598.9303
2024-02-27 22:09:00,56719.5,56719.5,56697.0,56702.3,120.13,6811562.0732
2024-02-27 22:12:00,56702.3,56740.0,56661.6,56737.1,118.908,6741666.7181
2024-02-27 22:15:00,56737.1,56835.2,56721.0,56802.9,197.0,11187693.612
2024-02-27 22:18:00,56802.9,56962.3,56802.9,56962.3,623.934,35502241.3568
2024-02-27 22:21:00,56962.3,57030.8,56875.6,56877.8,433.039,24664165.7805
2024-02-27 22:24:00,56877.8,56964.9,56877.8,56940.7,212.728,12107763.3716
2024-02-27 22:27:00,56940.7,56966.3,56868.9,56925.3,367.884,20940699.4164
2024-02-27 22:30:00,56925.3,56995.9,56901.5,56993.0,182.956,10419786.9847
2024-02-27 22:33:00,56993.0,57009.3,56924.9,56971.9,272.489,15521878.6162
2024-02-27 22:36:00,56971.9,57056.1,56971.9,56999.4,336.773,19201073.38
2024-02-27 22:39:00,56999.4,57009.1,56927.0,56961.3,144.626,8238186.1234
2024-02-27 22:42:00,56961.3,56985.9,56954.8,56974.8,92.251,5255897.3732
2024-02-27 22:45:00,56974.8,56985.7,56926.8,56958.2,158.036,9000276.7715
2024-02-27 22:48:00,56958.2,56958.3,56896.0,56896.0,40.683,2315904.9846
2024-02-27 22:51:00,56896.0,56939.5,56896.0,56923.6,38.93,2215976.7814
2024-02-27 22:54:00,56923.6,56993.3,56923.5,56969.7,59.601,3395899.0516
2024-02-27 22:57:00,56969.7,56969.7,56940.4,56940.4,32.559,1854672.0676
2024-02-27 23:00:00,56940.4,56993.5,56938.5,56978.3,130.87,7455573.5294
2024-02-27 23:03:00,56978.3,56994.7,56936.6,56940.1,235.845,13435393.0282
2024-02-27 23:06:00,56940.1,56968.7,56879.6,56888.1,528.697,30094344.0554
2024-02-27 23:09:00,56888.1,56947.1,56852.4,56947.1,320.712,18244996.9081
2024-02-27 23:12:00,56947.1,57004.0,56942.0,57003.9,122.169,6959895.2465
2024-02-27 23:15:00,57003.9,57033.3,56991.0,57033.2,136.845,7801965.5191
2024-02-27 23:18:00,57033.2,57126.2,57020.1,57098.1,341.573,19499759.8694
2024-02-27 23:21:00,57098.1,57135.9,57098.0,57128.9,167.073,9543048.5402
2024-02-27 23:24:00,57128.9,57148.5,57091.5,57148.5,184.568,10541837.663
2024-02-27 23:27:00,57148.5,57150.0,57088.9,57089.6,164.648,9405771.5476
2024-02-27 23:30:00,57089.6,57089.7,57032.1,57074.2,186.267,10627365.0982
2024-02-27 23:33:00,57074.2,57121.2,57064.0,57093.0,126.428,7217951.2423
2024-02-27 23:36:00,57093.0,57093.0,57046.6,57046.7,35.844,2045416.332
2024-02-27 23:39:00,57046.7,57055.9,57035.7,57048.2,52.257,2981017.3657
2024-02-27 23:42:00,57048.2,57078.8,57001.4,57033.4,167.761,9567791.2463
2024-02-27 23:45:00,57033.4,57039.6,56991.2,57003.4,97.306,5547700.308
2024-02-27 23:48:00,57003.4,57019.0,56995.9,57005.3,59.41,3386810.5745
2024-02-27 23:51:00,57005.3,57066.9,56995.0,57064.8,56.419,3217679.4824
2024-02-27 23:54:00,57064.8,57077.7,57059.3,57066.2,68.605,3915130.251
2024-02-27 23:57:00,57066.2,57112.4,57066.1,57077.9,88.45,5050119.1806
2024-02-28 00:00:00,57077.9,57119.0,57061.2,57098.9,138.1,7884682.8285
2024-02-28 00:03:00,57098.9,57107.2,57077.3,57103.5,48.002,2740475.0597
2024-02-28 00:06:00,57103.5,57120.4,57051.2,57051.2,103.269,5894049.1802
2024-02-28 00:09:00,57051.2,57051.2,56907.8,56961.8,229.877,13095655.53
2024-02-28 00:12:00,56961.8,56992.1,56930.7,56972.1,75.362,4292698.4108
2024-02-28 00:15:00,56972.1,56972.6,56902.9,56935.8,111.883,6369703.0871
2024-02-28 00:18:00,56935.8,56959.3,56928.4,56928.4,96.377,5488026.6361
2024-02-28 00:21:00,56928.4,57028.8,56928.4,56998.1,64.925,3699780.3529
2024-02-28 00:24:00,56998.1,57115.7,56981.2,57093.9,116.415,6644418.7421
2024-02-28 00:27:00,57093.9,57113.9,57049.0,57058.5,85.888,4902516.7647
2024-02-28 00:30:00,57058.5,57142.0,57058.5,57101.2,134.167,7663015.623
2024-02-28 00:33:00,57101.2,57139.0,57085.9,57135.1,59.241,3383323.7001
2024-02-28 00:36:00,57135.1,57148.0,57102.4,57111.1,70.213,4011259.6448
2024-02-28 00:39:00,57111.1,57117.3,57075.0,57076.2,63.595,3630371.9675
2024-02-28 00:42:00,57076.2,57076.2,57029.9,57029.9,80.886,4615308.1912
2024-02-28 00:45:00,57029.9,57129.3,57022.2,57081.6,214.013,12217985.9734
2024-02-28 00:48:00,57081.6,57108.2,57066.8,57075.2,39.424,2250823.0802
2024-02-28 00:51:00,57075.2,57075.2,56999.6,57016.5,306.247,17462320.9103
2024-02-28 00:54:00,57016.5,57080.2,57016.5,57060.7,32.317,1843747.4654
2024-02-28 00:57:00,57060.7,57062.1,57022.2,57059.1,47.974,2736447.4366
2024-02-28 01:00:00,57059.1,57145.0,57037.3,57142.0,91.18,5205546.9579
2024-02-28 01:03:00,57142.0,57142.0,57066.3,57095.9,74.355,4245683.6936
2024-02-28 01:06:00,57095.9,57127.2,57080.0,57080.0,49.085,2803119.767
2024-02-28 01:09:00,57080.0,57080.1,57006.9,57006.9,77.254,4406350.996
2024-02-28 01:12:00,57006.9,57006.9,56912.2,56932.7,219.156,12481142.4472
2024-02-28 01:15:00,56932.7,56962.1,56857.0,56951.6,208.224,11849816.0965
2024-02-28 01:18:00,56951.6,56968.4,56930.1,56968.3,51.892,2955034.3045
2024-02-28 01:21:00,56968.3,57009.6,56959.6,56964.0,129.062,7354288.6258
2024-02-28 01:24:00,56964.0,57011.2,56943.7,57000.6,39.023,2223232.1998
2024-02-28 01:27:00,57000.6,57024.2,56995.2,56995.3,45.118,2572117.585
2024-02-28 01:30:00,56995.3,56995.3,56934.0,56934.0,80.762,4599992.5766
2024-02-28 01:33:00,56934.0,56944.4,56890.1,56893.1,114.564,6520510.8414
2024-02-28 01:36:00,56893.1,56893.1,56821.0,56834.1,309.099,17573945.1515
2024-02-28 01:39:00,56834.1,56870.1,56812.0,56858.3,224.295,12749341.6681
2024-02-28 01:42:00,56858.3,56868.4,56814.1,56816.3,79.066,4494203.7409
2024-02-28 01:45:00,56816.3,56860.3,56802.4,56857.6,230.701,13112756.1822
2024-02-28 01:48:00,56857.6,56889.6,56849.0,56859.9,135.51,7706023.0691
2024-02-28 01:51:00,56859.9,56898.1,56859.9,56892.6,82.4,4686985.4895
2024-02-28 01:54:00,56892.6,56895.8,56831.3,56834.0,134.019,7619694.4229
2024-02-28 01:57:00,56834.0,56838.8,56800.5,56813.3,136.27,7742166.0934
2024-02-28 02:00:00,56813.3,56850.0,56785.0,56785.0,241.57,13723551.1098
2024-02-28 02:03:00,56785.0,56810.6,56740.0,56750.9,189.305,10745944.9009
2024-02-28 02:06:00,56750.9,56838.9,56735.4,56838.9,137.319,7796378.5249
2024-02-28 02:09:00,56838.9,56843.5,56780.0,56780.1,101.643,5775225.3655
2024-02-28 02:12:00,56780.1,56842.8,56779.9,56840.0,113.127,6427539.8195
2024-02-28 02:15:00,56840.0,56847.8,56787.8,56789.4,78.101,4437069.0579
2024-02-28 02:18:00,56789.4,56852.7,56781.3,56852.7,33.693,1914059.3845
2024-02-28 02:21:00,56852.7,56898.7,56852.6,56891.6,110.39,6279646.9175
2024-02-28 02:24:00,56891.6,56917.4,56891.6,56913.9,93.53,5322497.1276
2024-02-28 02:27:00,56913.9,56964.9,56913.8,56964.9,111.06,6323246.9274
2024-02-28 02:30:00,56964.9,56990.4,56925.3,56942.1,84.568,4817169.1209
2024-02-28 02:33:00,56942.1,57000.7,56938.9,56965.1,94.328,5375035.1806
2024-02-28 02:36:00,56965.1,57023.9,56965.1,57011.2,98.247,5600182.9836
2024-02-28 02:39:00,57011.2,57019.9,56980.0,57015.5,100.143,5708342.7277
2024-02-28 02:42:00,57015.5,57015.5,56961.9,56967.3,167.711,9556636.338
2024-02-28 02:45:00,56967.3,57005.0,56967.3,56967.3,105.861,6033138.3608
2024-02-28 02:48:00,56967.3,56967.3,56921.7,56947.4,92.934,5291776.7053
2024-02-28 02:51:00,56947.4,56971.3,56925.3,56947.0,52.078,2966255.043
2024-02-28 02:54:00,56947.0,56950.2,56930.0,56932.9,19.258,1096549.9004
2024-02-28 02:57:00,56932.9,56976.8,56932.9,56971.7,43.74,2491239.5584
2024-02-28 03:00:00,56971.7,56982.0,56932.9,56933.0,37.899,2159031.7666
2024-02-28 03:03:00,56933.0,56980.5,56921.8,56980.4,30.0,1708178.4891
2024-02-28 03:06:00,56980.4,56996.5,56942.2,56942.2,68.848,3922324.5806
2024-02-28 03:09:00,56942.2,56952.0,56925.7,56930.0,42.477,2418541.9224
2024-02-28 03:12:00,56930.0,56930.1,56904.1,56923.7,31.807,1810285.6239
2024-02-28 03:15:00,56923.7,56930.1,56878.0,56878.0,49.478,2815201.0378
2024-02-28 03:18:00,56878.0,56969.1,56875.0,56967.5,75.99,4325296.8261
2024-02-28 03:21:00,56967.5,57000.0,56946.4,56956.6,90.335,5146742.3958
2024-02-28 03:24:00,56956.6,56995.6,56956.5,56995.1,31.515,1795745.1682
2024-02-28 03:27:00,56995.1,57006.1,56960.6,56964.5,67.533,3848802.1885
2024-02-28 03:30:00,56964.5,56984.5,56891.1,56891.1,76.295,4343972.0931
2024-02-28 03:33:00,56891.1,56929.1,56887.8,56919.9,19.249,1095387.362
2024-02-28 03:36:00,56919.9,56963.6,56916.7,56963.5,18.694,1064362.9709
2024-02-28 03:39:00,56963.5,57005.9,56960.0,56990.3,82.159,4681560.5878
2024-02-28 03:42:00,56990.3,57016.3,56961.6,56965.1,61.614,3511424.1672
2024-02-28 03:45:00,56965.1,56980.0,56962.3,56962.3,16.616,946660.5128
2024-02-28 03:48:00,56962.3,56970.4,56950.3,56950.3,10.431,594161.0503
2024-02-28 03:51:00,56950.3,56983.9,56950.3,56983.8,22.214,1265333.65
2024-02-28 03:54:00,56983.8,56990.9,56971.0,56971.0,43.436,2475296.1015
2024-02-28 03:57:00,56971.0,56971.1,56955.7,56966.9,19.7,1122129.5252
2024-02-28 04:00:00,56966.9,56966.9,56933.3,56938.7,46.834,2667104.1807
2024-02-28 04:03:00,56938.7,56999.2,56938.7,56999.2,66.828,3807901.476
2024-02-28 04:06:00,56999.2,57068.5,56992.9,57067.1,223.766,12763242.6219
2024-02-28 04:09:00,57067.1,57085.7,57022.4,57045.9,137.017,7818101.5444
2024-02-28 04:12:00,57045.9,57052.5,57026.0,57029.2,39.215,2236948.4197
2024-02-28 04:15:00,57029.2,57036.8,56975.6,57005.1,114.007,6499256.1688
2024-02-28 04:18:00,57005.1,57030.0,57005.1,57029.2,23.347,1331217.7306
2024-02-28 04:21:00,57029.2,57100.0,57029.2,57093.9,216.246,12342953.5023
2024-02-28 04:24:00,57093.9,57100.1,57064.5,57073.7,64.941,3707421.8528
2024-02-28 04:27:00,57073.7,57125.0,57060.8,57124.9,133.18,7603225.587
2024-02-28 04:30:00,57124.9,57145.0,57106.3,57116.8,170.174,9721402.9603
2024-02-28 04:33:00,57116.8,57116.8,57061.3,57097.9,177.896,10154449.0228
2024-02-28 04:36:00,57097.9,57114.3,57071.3,57076.6,57.019,3255176.3507
2024-02-28 04:39:00,57076.6,57102.9,57069.2,57079.8,35.88,2048123.5195
2024-02-28 04:42:00,57079.8,57117.3,57079.8,57101.2,83.086,4744692.7239
2024-02-28 04:45:00,57101.2,57161.8,57101.2,57150.0,184.669,10551825.9507
2024-02-28 04:48:00,57150.0,57199.1,57149.9,57187.8,220.726,12621776.9683
2024-02-28 04:51:00,57187.8,57234.0,57187.8,57234.0,211.219,12083822.4591
2024-02-28 04:54:00,57234.0,57325.0,57232.8,57238.1,573.887,32865915.5561
2024-02-28 04:57:00,57238.1,57250.0,57212.0,57250.0,120.836,6915659.6797
2024-02-28 05:00:00,57250.0,57261.5,57213.5,57247.7,107.521,6154101.7396
2024-02-28 05:03:00,57247.7,57320.1,57235.0,57291.0,235.153,13473170.2692
2024-02-28 05:06:00,57291.0,57296.9,57262.2,57290.4,207.184,11867774.8085
2024-02-28 05:09:00,57290.4,57303.0,57258.1,57303.0,112.125,6422904.8414
2024-02-28 05:12:00,57303.0,57314.4,57267.8,57273.8,126.18,7229704.3233
2024-02-28 05:15:00,57273.8,57273.8,57176.2,57179.5,215.302,12316975.8824
2024-02-28 05:18:00,57179.5,57239.8,57175.0,57230.0,198.059,11330253.9656
2024-02-28 05:21:00,57230.0,57230.0,57183.1,57193.4,79.143,4527321.7893
2024-02-28 05:24:00,57193.4,57199.8,57182.7,57193.3,46.842,2679083.5368
2024-02-28 05:27:00,57193.3,57232.4,57169.9,57169.9,125.13,7157637.8627
2024-02-28 05:30:00,57169.9,57247.8,57169.9,57247.7,77.791,4451776.0751
2024-02-28 05:33:00,57247.7,57252.0,57206.4,57236.4,128.03,7327992.9429
2024-02-28 05:36:00,57236.4,57241.9,57178.5,57182.8,57.12,3268031.935
2024-02-28 05:39:00,57182.8,57191.7,57163.0,57164.7,58.858,3365206.3124
2024-02-28 05:42:00,57164.7,57164.8,57128.6,57153.3,94.081,5376205.4604
2024-02-28 05:45:00,57153.3,57165.0,57111.0,57164.9,97.884,5592349.89
2024-02-28 05:48:00,57164.9,57165.0,57131.1,57142.0,31.38,1793347.6546
2024-02-28 05:51:00,57142.0,57181.3,57142.0,57154.1,43.668,2496403.5006
2024-02-28 05:54:00,57154.1,57168.7,57150.0,57150.0,41.652,2380586.2043
2024-02-28 05:57:00,57150.0,57150.1,57084.9,57116.7,241.772,13808376.023
2024-02-28 06:00:00,57116.7,57167.9,57116.7,57167.9,37.446,2139818.4946
2024-02-28 06:03:00,57167.9,57211.3,57167.8,57207.2,76.909,4398340.2428
2024-02-28 06:06:00,57207.2,57211.3,57150.3,57159.0,43.717,2499572.873
2024-02-28 06:09:00,57159.0,57184.9,57159.0,57184.9,59.584,3406209.6312
2024-02-28 06:12:00,57184.9,57191.1,57090.0,57090.0,125.338,7161768.3471
2024-02-28 06:15:00,57090.0,57136.4,57090.0,57136.3,67.959,3880914.888
2024-02-28 06:18:00,57136.3,57212.0,57136.3,57211.9,64.064,3662948.6452
2024-02-28 06:21:00,57211.9,57237.8,57164.0,57168.9,76.81,4394205.7448
2024-02-28 06:24:00,57168.9,57189.6,57145.8,57164.9,32.836,1877250.4456
2024-02-28 06:27:00,57164.9,57189.3,57162.4,57172.7,43.653,2496147.4972
2024-02-28 06:30:00,57172.7,57189.1,57140.0,57140.0,60.717,3470640.1112
2024-02-28 06:33:00,57140.0,57180.2,57140.0,57176.8,25.892,1479926.6266
2024-02-28 06:36:00,57176.8,57189.9,57172.0,57188.2,31.367,1793707.3743
2024-02-28 06:39:00,57188.2,57190.0,57157.6,57157.6,34.169,1953847.7479
2024-02-28 06:42:00,57157.6,57179.4,57150.0,57177.5,63.476,3628394.1029
2024-02-28 06:45:00,57177.5,57234.8,57171.0,57228.7,76.779,4392033.2656
2024-02-28 06:48:00,57228.7,57228.7,57121.5,57121.5,69.695,3985386.1706
2024-02-28 06:51:00,57121.5,57169.5,57121.5,57148.9,54.325,3104139.6788
2024-02-28 06:54:00,57148.9,57230.8,57141.6,57211.8,225.074,12875192.1543
2024-02-28 06:57:00,57211.8,57239.0,57211.8,57230.0,61.765,3534568.919
2024-02-28 07:00:00,57230.0,57250.0,57221.1,57226.8,84.936,4861527.784
2024-02-28 07:03:00,57226.8,57226.9,57190.0,57208.4,89.438,5116850.2125
2024-02-28 07:06:00,57208.4,57285.4,57208.4,57280.4,127.434,7296861.8104
2024-02-28 07:09:00,57280.4,57289.8,57245.9,57246.0,127.314,7292206.6407
2024-02-28 07:12:00,57246.0,57334.3,57245.9,57315.0,237.215,13592637.7983
2024-02-28 07:15:00,57315.0,57390.0,57310.2,57373.0,416.558,23894279.5278
2024-02-28 07:18:00,57373.0,57450.0,57372.6,57450.0,531.34,30506326.7945
2024-02-28 07:21:00,57450.0,57495.3,57421.8,57464.9,360.456,20710544.2873
2024-02-28 07:24:00,57464.9,57497.0,57429.4,57437.8,346.761,19926875.8223
2024-02-28 07:27:00,57437.8,57505.6,57387.2,57501.2,404.374,23234049.2357
2024-02-28 07:30:00,57501.2,57576.0,57475.8,57538.1,776.588,44681596.9045
2024-02-28 07:33:00,57538.1,57849.0,57486.7,57738.9,2229.55,128625899.3451
2024-02-28 07:36:00,57738.9,57738.9,57617.7,57688.0,779.836,44972407.3156
2024-02-28 07:39:00,57688.0,57897.1,57688.0,57866.5,1834.175,106037754.3623
2024-02-28 07:42:00,57866.5,58129.4,57806.0,57911.8,2728.896,158200893.5447
2024-02-28 07:45:00,57911.8,58023.8,57863.3,57914.8,922.641,53455157.6016
2024-02-28 07:48:00,57914.8,58150.0,57870.0,58138.5,1369.194,79448000.5151
2024-02-28 07:51:00,58138.5,58411.5,58138.5,58290.4,2862.125,166740759.9188
2024-02-28 07:54:00,58290.4,58485.4,58171.8,58301.4,2307.025,134626757.6175
2024-02-28 07:57:00,58301.4,58360.1,58225.8,58330.0,708.372,41284495.6636
2024-02-28 08:00:00,58330.0,58676.5,58293.9,58670.9,2442.303,142888066.2649
2024-02-28 08:03:00,58670.9,58850.0,58563.6,58623.1,2900.502,170236988.5836
2024-02-28 08:06:00,58623.1,58647.3,58400.0,58491.2,1695.022,99194115.3779
2024-02-28 08:09:00,58491.2,58600.0,58396.5,58396.5,1115.837,65279330.8803
2024-02-28 08:12:00,58396.5,58530.0,58201.8,58506.0,1841.428,107394849.4716
2024-02-28 08:15:00,58506.0,58603.3,58397.0,58549.0,968.263,56664363.9062
2024-02-28 08:18:00,58549.0,58629.5,58438.0,58614.7,492.719,28840745.117
2024-02-28 08:21:00,58614.7,58839.7,58556.7,58641.0,2088.794,122609354.6668
2024-02-28 08:24:00,58641.0,58834.0,58620.4,58641.3,1066.334,62622927.981
2024-02-28 08:27:00,58641.3,58726.9,58589.1,58667.6,564.374,33101795.1496
2024-02-28 08:30:00,58667.6,58702.6,58552.1,58582.1,1114.969,65352129.8878
2024-02-28 08:33:00,58582.1,58734.7,58552.0,58696.0,371.501,21791100.502
2024-02-28 08:36:00,58696.0,58769.9,58593.9,58759.1,926.816,54406699.982
2024-02-28 08:39:00,58759.1,58931.5,58720.4,58842.4,2130.994,125400130.5031
2024-02-28 08:42:00,58842.4,59073.5,58768.3,58917.5,2311.838,136235235.1795
2024-02-28 08:45:00,58917.5,59186.1,58875.0,59042.0,2225.868,131407523.9797
2024-02-28 08:48:00,59042.0,59099.1,58925.8,59008.8,1078.552,63645463.6336
2024-02-28 08:51:00,59008.8,59309.3,58991.9,59279.8,2250.055,133132386.2717
2024-02-28 08:54:00,59279.8,59551.7,59169.6,59527.8,3655.941,217158997.5653
2024-02-28 08:57:00,59527.8,59614.5,59336.5,59530.9,2232.104,132802050.5816
2024-02-28 09:00:00,59530.9,59557.9,59256.3,59357.6,1806.977,107308220.8066
2024-02-28 09:03:00,59357.6,59375.7,59042.0,59237.9,2189.25,129642722.1882
2024-02-28 09:06:00,59237.9,59360.1,59107.0,59320.7,931.259,55182391.241
2024-02-28 09:09:00,59320.7,59480.0,59320.7,59416.2,1019.028,60542528.0889
2024-02-28 09:12:00,59416.2,59416.2,59254.1,59326.8,774.556,45955847.0961
2024-02-28 09:15:00,59326.8,59353.9,59160.1,59178.1,740.195,43859332.6894
2024-02-28 09:18:00,59178.1,59256.4,58880.7,58911.9,2478.109,146299577.035
2024-02-28 09:21:00,58911.9,59173.0,58911.9,59104.8,985.366,58203979.8552
2024-02-28 09:24:00,59104.8,59185.7,59017.0,59122.3,554.437,32776943.0495
2024-02-28 09:27:00,59122.3,59155.7,59040.0,59141.0,328.912,19433878.5647
2024-02-28 09:30:00,59141.0,59243.3,59114.0,59147.0,583.096,34514349.0579
2024-02-28 09:33:00,59147.0,59245.0,59105.0,59119.4,368.111,21786003.4952
2024-02-28 09:36:00,59119.4,59199.2,59088.2,59171.2,410.132,24258669.5589
2024-02-28 09:39:00,59171.2,59209.0,59100.0,59117.1,188.519,11151643.3355
2024-02-28 09:42:00,59117.1,59200.0,59080.0,59177.4,509.747,30140119.5855
2024-02-28 09:45:00,59177.4,59366.0,59165.3,59312.9,737.123,43701982.8515
2024-02-28 09:48:00,59312.9,59407.7,59290.0,59310.1,501.52,29767262.2825
2024-02-28 09:51:00,59310.1,59454.7,59300.1,59350.2,577.124,34283470.7177
2024-02-28 09:54:00,59350.2,59366.0,59204.8,59204.8,422.024,25017347.9977
2024-02-28 09:57:00,59204.8,59377.6,59204.8,59377.3,276.098,16377105.8596
2024-02-28 10:00:00,59377.3,59445.5,59313.0,59348.4,557.542,33104075.105
2024-02-28 10:03:00,59348.4,59369.5,59215.2,59238.6,523.446,31024788.0672
2024-02-28 10:06:00,59238.6,59256.0,59189.7,59225.6,371.701,22012261.1091
2024-02-28 10:09:00,59225.6,59300.0,59156.7,59167.7,255.839,15150867.7924
2024-02-28 10:12:00,59167.7,59200.0,59130.1,59188.0,443.739,26245677.8689
2024-02-28 10:15:00,59188.0,59194.9,59022.7,59086.3,735.308,43450815.2275
2024-02-28 10:18:00,59086.3,59257.2,59066.6,59222.3,473.797,28030108.8933
2024-02-28 10:21:00,59222.3,59294.3,59213.2,59286.1,559.201,33140317.2785
2024-02-28 10:24:00,59286.1,59286.1,59212.8,59221.1,123.116,7293700.1089
2024-02-28 10:27:00,59221.1,59235.4,59155.3,59220.1,459.731,27210555.1973
2024-02-28 10:30:00,59220.1,59243.0,59171.8,59173.0,150.9,8934636.6368
2024-02-28 10:33:00,59173.0,59294.2,59169.4,59280.0,242.615,14373511.5159
2024-02-28 10:36:00,59280.0,59344.0,59270.2,59336.1,307.393,18231774.98
2024-02-28 10:39:00,59336.1,59363.0,59228.5,59235.9,264.844,15707541.4081
2024-02-28 10:42:00,59235.9,59270.0,59203.1,59241.3,168.85,10001194.3201
2024-02-28 10:45:00,59241.3,59327.9,59221.2,59268.8,249.402,14782338.6105
2024-02-28 10:48:00,59268.8,59354.0,59264.0,59309.4,407.597,24178042.6119
2024-02-28 10:51:00,59309.4,59345.9,59261.4,59278.6,348.629,20672463.3703
2024-02-28 10:54:00,59278.6,59355.9,59250.0,59303.9,171.28,10157311.0105
2024-02-28 10:57:00,59303.9,59354.4,59290.0,59336.9,186.965,11093042.9577
2024-02-28 11:00:00,59336.9,59392.3,59306.8,59317.5,382.985,22734178.3343
2024-02-28 11:03:00,59317.5,59401.9,59298.6,59385.7,226.122,13423583.3011
2024-02-28 11:06:00,59385.7,59420.0,59363.4,59420.0,341.078,20259778.8213
2024-02-28 11:09:00,59420.0,59428.1,59278.0,59286.7,523.34,31067098.5189
2024-02-28 11:12:00,59286.7,59315.2,59247.8,59309.6,307.322,18218193.1286
2024-02-28 11:15:00,59309.6,59391.9,59306.0,59383.9,244.964,14539679.4455
2024-02-28 11:18:00,59383.9,59524.7,59368.8,59425.0,743.148,44184317.9558
2024-02-28 11:21:00,59425.0,59447.0,59327.6,59375.2,519.683,30865206.5371
2024-02-28 11:24:00,59375.2,59469.1,59370.0,59456.3,230.78,13712029.6739
2024-02-28 11:27:00,59456.3,59459.6,59390.1,59435.6,143.944,8553734.0687
2024-02-28 11:30:00,59435.6,59455.4,59368.5,59373.0,328.541,19519229.1348
2024-02-28 11:33:00,59373.0,59504.0,59350.2,59504.0,278.316,16544510.3614
2024-02-28 11:36:00,59504.0,59587.2,59250.0,59262.7,1019.915,60591286.0831
2024-02-28 11:39:00,59262.7,59352.3,59209.5,59320.8,840.189,49798030.324
2024-02-28 11:42:00,59320.8,59325.7,59201.8,59201.8,401.742,23810207.3599
2024-02-28 11:45:00,59201.8,59248.3,59062.8,59185.1,1637.563,96860529.4432
2024-02-28 11:48:00,59185.1,59185.2,59000.0,59000.0,878.409,51897360.2479
2024-02-28 11:51:00,59000.0,59038.3,58524.1,58808.8,3970.84,233399460.6233
2024-02-28 11:54:00,58808.8,59211.3,58801.1,58990.4,3382.323,199553335.5169
2024-02-28 11:57:00,58990.4,59121.9,58876.9,59017.7,1013.274,59774375.6225
2024-02-28 12:00:00,59017.7,59094.8,58950.1,59088.0,738.024,43553561.7769
2024-02-28 12:03:00,59088.0,59229.0,59069.8,59200.0,635.764,37599476.5185
2024-02-28 12:06:00,59200.0,59230.3,59090.6,59116.6,464.933,27506929.2309
2024-02-28 12:09:00,59116.6,59200.0,59110.2,59180.8,375.27,22197788.5005
2024-02-28 12:12:00,59180.8,59266.3,59142.6,59245.0,533.008,31560240.4673
2024-02-28 12:15:00,59245.0,59350.0,59232.6,59289.2,883.395,52386137.3012
2024-02-28 12:18:00,59289.2,59334.2,59170.8,59206.9,446.731,26462701.2979
2024-02-28 12:21:00,59206.9,59322.0,59136.0,59321.9,651.417,38590742.2209
2024-02-28 12:24:00,59321.9,59328.2,59220.6,59235.1,269.821,15995957.2931
2024-02-28 12:27:00,59235.1,59347.0,59231.6,59343.3,448.214,26584243.7209
2024-02-28 12:30:00,59343.3,59391.3,59301.8,59348.0,503.016,29854905.9055
2024-02-28 12:33:00,59348.0,59458.0,59348.0,59399.9,954.715,56729759.4884
2024-02-28 12:36:00,59399.9,59494.7,59380.7,59440.4,595.671,35415677.8814
2024-02-28 12:39:00,59440.4,59456.7,59361.6,59445.5,298.116,17708780.2392
2024-02-28 12:42:00,59445.5,59486.2,59400.0,59438.3,453.127,26935607.1213
2024-02-28 12:45:00,59438.3,59453.0,59329.2,59395.0,396.935,23572062.7844
2024-02-28 12:48:00,59395.0,59490.0,59395.0,59487.8,337.477,20064594.788
2024-02-28 12:51:00,59487.8,59487.8,59419.6,59430.0,224.544,13347725.1113
2024-02-28 12:54:00,59430.0,59454.4,59348.4,59363.3,389.207,23112526.8427
2024-02-28 12:57:00,59363.3,59405.1,59327.7,59405.0,145.442,8635085.8765
2024-02-28 13:00:00,59405.0,59441.1,59375.0,59382.1,196.423,11670489.9813
2024-02-28 13:03:00,59382.1,59500.0,59360.0,59499.7,247.909,14736728.7149
2024-02-28 13:06:00,59499.7,59983.2,59499.7,59977.3,5628.547,336554486.6633
2024-02-28 13:09:00,59977.3,60054.0,59803.5,59917.9,3564.917,213723075.1914
2024-02-28 13:12:00,59917.9,59932.6,59720.0,59842.5,1707.211,102158096.9169
2024-02-28 13:15:00,59842.5,59925.4,59615.0,59891.2,1945.827,116314329.0122
2024-02-28 13:18:00,59891.2,59988.3,59856.5,59956.1,1201.095,71955036.3659
2024-02-28 13:21:00,59956.1,60456.3,59928.3,60393.8,6237.964,375638165.2758
2024-02-28 13:24:00,60393.8,61100.0,60263.9,60485.6,8498.029,515265169.4433
2024-02-28 13:27:00,60485.6,60550.0,60108.8,60341.9,3573.827,215614221.2416
2024-02-28 13:30:00,60341.9,60463.6,60147.2,60459.9,1462.653,88200812.9419
2024-02-28 13:33:00,60459.9,60615.2,60385.7,60487.0,1410.578,85345132.8854
2024-02-28 13:36:00,60487.0,60610.0,60375.1,60413.8,925.913,56007712.0312
2024-02-28 13:39:00,60413.8,60441.7,60250.7,60318.1,894.04,53943603.2742
2024-02-28 13:42:00,60318.1,60375.7,60232.4,60286.0,497.711,30013584.8473
2024-02-28 13:45:00,60286.0,60473.6,60220.0,60425.4,1103.254,66587936.5813
2024-02-28 13:48:00,60425.4,60524.4,60371.2,60450.0,585.446,35395201.5419
2024-02-28 13:51:00,60450.0,60504.0,60364.0,60426.1,455.66,27533089.1718
2024-02-28 13:54:00,60426.1,60514.9,60378.0,60504.5,504.0,30469351.5933
2024-02-28 13:57:00,60504.5,60630.3,60488.9,60532.3,1438.45,87134763.7872
2024-02-28 14:00:00,60532.3,60783.8,60508.9,60717.9,1236.487,74979947.7221
2024-02-28 14:03:00,60717.9,60742.4,60620.0,60702.8,888.64,53932213.3927
2024-02-28 14:06:00,60702.8,60757.8,60555.0,60757.8,714.232,43304426.1985
2024-02-28 14:09:00,60757.8,60772.2,60512.7,60527.4,856.392,51955872.2998
2024-02-28 14:12:00,60527.4,60535.9,60436.3,60495.9,712.158,43078028.8141
2024-02-28 14:15:00,60495.9,60574.1,60418.5,60556.6,481.791,29145035.108
2024-02-28 14:18:00,60556.6,60599.9,60523.5,60572.0,217.716,13187062.6248
2024-02-28 14:21:00,60572.0,60599.2,60133.7,60307.1,1854.042,111825274.4019
2024-02-28 14:24:00,60307.1,60398.6,60022.0,60135.8,1624.943,97819153.9953
2024-02-28 14:27:00,60135.8,60261.2,59798.6,60225.9,3072.16,184394448.2506
2024-02-28 14:30:00,60225.9,60296.8,60068.0,60068.1,864.964,52060279.1237
2024-02-28 14:33:00,60068.1,60157.2,59855.8,60140.7,1281.457,76912691.5286
2024-02-28 14:36:00,60140.7,60235.0,60067.5,60168.0,676.208,40682917.092
2024-02-28 14:39:00,60168.0,60298.9,60126.8,60277.2,531.282,31992819.3267
2024-02-28 14:42:00,60277.2,60441.3,60277.1,60419.3,863.798,52143896.3606
2024-02-28 14:45:00,60419.3,60454.9,60327.0,60340.0,548.63,33125636.4322
2024-02-28 14:48:00,60340.0,60569.3,60333.4,60507.8,820.781,49630977.6511
2024-02-28 14:51:00,60507.8,60664.8,60464.3,60652.9,692.407,41941088.7333
2024-02-28 14:54:00,60652.9,60976.3,60640.0,60937.2,2193.62,133398761.6647
2024-02-28 14:57:00,60937.2,61310.0,60908.0,61042.3,5411.554,330705263.9695
2024-02-28 15:00:00,61042.3,61074.2,60823.0,60976.8,2823.04,172060145.3218
2024-02-28 15:03:00,60976.8,61010.0,60670.8,60779.9,1583.844,96358417.7659
2024-02-28 15:06:00,60779.9,60855.0,60613.7,60831.0,1164.109,70708343.1867
2024-02-28 15:09:00,60831.0,61099.6,60821.5,60960.3,1409.38,85917908.7554
2024-02-28 15:12:00,60960.3,61419.0,60870.1,61279.3,2157.784,132020245.013
2024-02-28 15:15:00,61279.3,61453.0,61080.4,61111.1,2524.579,154680895.1974
2024-02-28 15:18:00,61111.1,61269.9,61001.0,61001.1,907.534,55491468.6093
2024-02-28 15:21:00,61001.1,61094.1,60943.8,60980.0,805.685,49156678.4865
2024-02-28 15:24:00,60980.0,61262.1,60963.3,61103.4,867.461,53045165.9534
2024-02-28 15:27:00,61103.4,61235.2,61019.0,61163.1,548.7,33533674.0933
2024-02-28 15:30:00,61163.1,61199.2,60911.1,61077.7,761.955,46514699.828
2024-02-28 15:33:00,61077.7,61233.3,61047.6,61212.5,540.165,33043842.0824
2024-02-28 15:36:00,61212.5,61241.9,61026.0,61031.7,480.354,29365679.4782
2024-02-28 15:39:00,61031.7,61067.2,60956.1,60956.1,451.647,27554160.5243
2024-02-28 15:42:00,60956.1,60982.0,60835.5,60938.8,973.896,59309659.1802
2024-02-28 15:45:00,60938.8,61061.8,60912.0,61029.9,734.97,44823257.7177
2024-02-28 15:48:00,61029.9,61128.0,61021.5,61100.0,370.36,22625227.3884
2024-02-28 15:51:00,61100.0,61125.2,61005.1,61060.3,270.187,16497172.5642
2024-02-28 15:54:00,61060.3,61102.4,60964.0,61000.0,347.918,21233835.5901
2024-02-28 15:57:00,61000.0,61010.0,60841.3,61006.6,572.194,34860013.7083
2024-02-28 16:00:00,61006.6,61315.2,60975.7,61288.1,1102.739,67428150.6205
2024-02-28 16:03:00,61288.1,61376.0,61164.3,61269.0,1291.876,79127139.9143
2024-02-28 16:06:00,61269.0,61373.9,61099.0,61115.0,1053.53,64538275.4078
2024-02-28 16:09:00,61115.0,61181.8,61039.9,61143.8,563.393,34420030.1376
2024-02-28 16:12:00,61143.8,61168.7,61052.9,61093.9,241.993,14784524.1729
2024-02-28 16:15:00,61093.9,61311.1,61031.5,61169.9,781.621,47816293.538
2024-02-28 16:18:00,61169.9,61358.7,61169.9,61218.4,710.357,43530302.1232
2024-02-28 16:21:00,61218.4,61285.0,61138.0,61285.0,476.247,29144877.5716
2024-02-28 16:24:00,61285.0,61387.4,61267.1,61338.1,788.047,48325865.3412
2024-02-28 16:27:00,61338.1,61671.0,61338.1,61478.4,3168.544,194936790.6939
2024-02-28 16:30:00,61478.4,61636.3,61354.9,61424.8,1273.588,78321387.9171
2024-02-28 16:33:00,61424.8,61850.8,61402.7,61723.6,2334.133,144011795.8286
2024-02-28 16:36:00,61723.6,61900.0,61660.8,61849.8,1750.808,108210602.6416
2024-02-28 16:39:00,61849.8,61893.0,61722.1,61822.8,1210.225,74779409.9909
2024-02-28 16:42:00,61822.8,61850.0,61715.1,61728.7,930.211,57456325.763
2024-02-28 16:45:00,61728.7,61887.2,61726.9,61808.7,873.221,53987036.3788
2024-02-28 16:48:00,61808.7,61850.0,61700.6,61729.9,833.982,51517623.517
2024-02-28 16:51:00,61729.9,62049.9,61643.5,62012.1,1992.894,123386704.6583
2024-02-28 16:54:00,62012.1,62327.0,62009.5,62301.9,2980.033,185263375.5835
2024-02-28 16:57:00,62301.9,62643.0,62265.4,62534.0,4210.222,263078453.09
2024-02-28 17:00:00,62534.0,62569.1,62246.0,62370.0,2145.524,133802963.6657
2024-02-28 17:03:00,62370.0,63035.7,62361.4,63026.0,4556.273,286119178.8458
2024-02-28 17:06:00,63026.0,63122.0,62840.3,62917.6,2887.992,181801674.5827
2024-02-28 17:09:00,62917.6,62959.0,62515.5,62855.3,2837.409,178041636.4609
2024-02-28 17:12:00,62855.3,64300.0,62829.8,64002.9,12224.638,776689697.2257
2024-02-28 17:15:00,64002.9,64496.7,63351.7,63514.0,10040.808,642464375.985
2024-02-28 17:18:00,63514.0,63905.1,63241.0,63517.7,4652.164,295774081.2036
2024-02-28 17:21:00,63517.7,63678.7,62809.4,63149.8,3820.575,241457760.2703
2024-02-28 17:24:00,63149.8,63333.3,61364.9,62068.0,9643.069,600646427.3454
2024-02-28 17:27:00,62068.0,62669.5,61860.8,61982.6,4199.767,261795587.7812
2024-02-28 17:30:00,61982.6,62019.5,58558.5,60434.0,20248.197,1222238189.4054
2024-02-28 17:33:00,60434.0,61442.9,60200.0,60999.6,7975.63,485528131.4978
2024-02-28 17:36:00,60999.6,61022.0,59651.7,60413.2,7307.65,440120010.079
2024-02-28 17:39:00,60413.2,60828.5,60200.0,60432.0,3600.169,217839347.8678
2024-02-28 17:42:00,60432.0,61475.7,60401.3,61402.1,4890.614,298960294.8595
2024-02-28 17:45:00,61402.1,61455.9,60704.8,61152.5,4551.855,277810898.2328
2024-02-28 17:48:00,61152.5,61847.1,61145.4,61506.7,3951.821,243162343.9361
2024-02-28 17:51:00,61506.7,61519.8,61000.7,61332.4,2972.3,182056512.1791
2024-02-28 17:54:00,61332.4,61719.6,61270.0,61663.3,1657.693,101933625.7905
2024-02-28 17:57:00,61663.3,61674.3,61154.8,61469.9,1913.025,117517675.9594
2024-02-28 18:00:00,61469.9,61629.5,61227.2,61347.8,1682.753,103301491.8267
2024-02-28 18:03:00,61347.8,61511.0,60766.6,60896.4,2847.033,173957990.2888
2024-02-28 18:06:00,60896.4,61349.9,60895.4,61094.0,2196.365,134184210.0249
2024-02-28 18:09:00,61094.0,61124.8,60546.7,60580.0,2677.516,162765579.3745
2024-02-28 18:12:00,60580.0,60882.0,60411.7,60820.7,1988.888,120649180.469
2024-02-28 18:15:00,60820.7,60864.2,60592.8,60796.5,1006.134,61093779.1197
2024-02-28 18:18:00,60796.5,60800.0,59925.3,60120.9,2569.085,154859001.9461
2024-02-28 18:21:00,60120.9,60229.3,59311.9,59450.0,6440.949,384694197.436
2024-02-28 18:24:00,59450.0,60099.9,59207.2,59869.0,4242.176,253277648.6802
2024-02-28 18:27:00,59869.0,60372.9,59692.3,60326.6,2338.669,140668939.0436
2024-02-28 18:30:00,60326.6,60722.3,60122.4,60419.0,2685.877,162233463.2632
2024-02-28 18:33:00,60419.0,60699.1,60317.5,60688.1,1092.966,66130502.9513
2024-02-28 18:36:00,60688.1,60843.4,60380.0,60446.0,1274.285,77210036.7397
2024-02-28 18:39:00,60446.0,60684.9,60317.5,60653.5,876.869,53071727.8424
2024-02-28 18:42:00,60653.5,60850.0,60593.1,60684.5,1028.37,62472368.8441
2024-02-28 18:45:00,60684.5,61059.0,60684.5,60909.2,1275.819,77749892.2219
2024-02-28 18:48:00,60909.2,61038.0,60722.8,60912.8,1078.067,65633992.725
2024-02-28 18:51:00,60912.8,60929.9,60710.1,60811.7,527.997,32103102.3027
2024-02-28 18:54:00,60811.7,61167.9,60775.8,61148.9,1077.225,65742230.5481
2024-02-28 18:57:00,61148.9,61328.5,61066.5,61179.0,1042.416,63821331.2899
2024-02-28 19:00:00,61179.0,61580.0,61163.2,61561.7,1695.498,104182884.8853
2024-02-28 19:03:00,61561.7,61579.7,61255.7,61323.5,1416.622,87023361.1006
2024-02-28 19:06:00,61323.5,61523.0,61323.5,61404.5,561.527,34498579.069
2024-02-28 19:09:00,61404.5,61440.2,60908.2,61094.1,1581.271,96658649.3395
2024-02-28 19:12:00,61094.1,61308.2,61037.4,61196.3,771.611,47218877.5363
2024-02-28 19:15:00,61196.3,61482.8,61171.9,61361.2,659.42,40470697.6744
2024-02-28 19:18:00,61361.2,61387.6,61150.3,61225.5,632.409,38717105.9488
2024-02-28 19:21:00,61225.5,61256.8,61041.1,61178.4,707.635,43252005.4717
2024-02-28 19:24:00,61178.4,61335.4,61171.1,61202.5,447.822,27435491.7434
2024-02-28 19:27:00,61202.5,61522.0,61186.7,61471.9,731.996,44942628.926
2024-02-28 19:30:00,61471.9,61484.2,61133.0,61142.7,640.523,39254767.8001
2024-02-28 19:33:00,61142.7,61260.4,61075.0,61097.3,522.989,31990644.4018
2024-02-28 19:36:00,61097.3,61149.9,61001.6,61001.9,424.965,25947809.7584
2024-02-28 19:39:00,61001.9,61090.0,60754.7,60831.7,866.714,52831375.3444
2024-02-28 19:42:00,60831.7,60978.0,60800.1,60866.0,723.528,44051134.4694
2024-02-28 19:45:00,60866.0,61075.2,60656.2,61008.7,1044.704,63595623.1132
2024-02-28 19:48:00,61008.7,61140.0,61005.0,61087.0,478.194,29204989.2467
2024-02-28 19:51:00,61087.0,61112.0,60844.1,60982.8,551.651,33628932.4291
2024-02-28 19:54:00,60982.8,61150.4,60960.3,60986.9,355.049,21684752.3054
2024-02-28 19:57:00,60986.9,61100.0,60920.6,61027.9,255.022,15560053.9265
2024-02-28 20:00:00,61027.9,61180.6,60981.0,61113.0,466.282,28494262.1266
2024-02-28 20:03:00,61113.0,61128.4,60805.6,60811.5,614.953,37475460.1351
2024-02-28 20:06:00,60811.5,60865.1,60187.6,60325.8,2285.163,138290335.4315
2024-02-28 20:09:00,60325.8,60670.0,60325.8,60496.0,785.002,47512071.1104
2024-02-28 20:12:00,60496.0,60659.0,60493.5,60640.3,579.585,35126128.4488
2024-02-28 20:15:00,60640.3,60654.4,60300.0,60316.5,662.214,40045930.5806
2024-02-28 20:18:00,60316.5,60522.0,60316.5,60410.7,526.046,31792440.8841
2024-02-28 20:21:00,60410.7,60442.8,60152.0,60228.4,739.824,44627815.1408
2024-02-28 20:24:00,60228.4,60349.6,60072.1,60214.7,1107.955,66695120.94
2024-02-28 20:27:00,60214.7,60237.0,59977.0,60010.1,837.238,50294026.5474
2024-02-28 20:30:00,60010.1,60380.3,59994.5,60378.8,1169.096,70392715.7402
2024-02-28 20:33:00,60378.8,60478.0,60193.9,60329.5,907.382,54764153.5465
2024-02-28 20:36:00,60329.5,60358.2,60184.8,60319.7,576.129,34720709.4707
2024-02-28 20:39:00,60319.7,60406.9,60261.0,60278.4,368.793,22249151.0007
2024-02-28 20:42:00,60278.4,60311.8,60091.1,60098.9,314.994,18957164.4823
2024-02-28 20:45:00,60098.9,60224.5,60062.8,60150.0,595.001,35778627.506
2024-02-28 20:48:00,60150.0,60379.0,60150.0,60235.1,731.883,44113217.973
2024-02-28 20:51:00,60235.1,60392.0,60187.5,60380.1,462.948,27918066.2532
2024-02-28 20:54:00,60380.1,60556.3,60373.3,60542.3,484.631,29310346.806
2024-02-28 20:57:00,60542.3,60645.6,60264.3,60450.3,2246.994,135819709.7319
2024-02-28 21:00:00,60450.3,60576.5,60076.6,60111.1,1746.759,105374194.9636
2024-02-28 21:03:00,60111.1,60195.2,60066.7,60121.6,348.011,20928608.5744
2024-02-28 21:06:00,60121.6,60149.3,59956.5,60011.9,728.975,43785521.278
2024-02-28 21:09:00,60011.9,60129.0,59811.7,60115.1,879.426,52720032.1974
2024-02-28 21:12:00,60115.1,60172.1,60040.2,60154.6,434.9,26141925.1925
2024-02-28 21:15:00,60154.6,60406.6,60141.3,60363.6,702.244,42345004.1824
2024-02-28 21:18:00,60363.6,60469.9,60300.5,60417.8,378.961,22887694.8146
2024-02-28 21:21:00,60417.8,60480.8,60386.9,60466.0,228.683,13819157.1241
2024-02-28 21:24:00,60466.0,60466.1,60307.6,60406.0,304.259,18369220.3161
2024-02-28 21:27:00,60406.0,60554.2,60381.6,60537.7,339.519,20527958.1164
2024-02-28 21:30:00,60537.7,60544.2,60356.5,60417.3,271.429,16400666.4822
2024-02-28 21:33:00,60417.3,60619.9,60402.6,60482.6,568.265,34404182.0509
2024-02-28 21:36:00,60482.6,60580.0,60477.0,60563.9,327.974,19854634.3191
2024-02-28 21:39:00,60563.9,60669.4,60534.3,60589.9,381.261,23108830.9613
2024-02-28 21:42:00,60589.9,60610.9,60505.2,60550.3,250.802,15185783.1878
2024-02-28 21:45:00,60550.3,60625.0,60468.7,60484.6,162.653,9846292.6529
2024-02-28 21:48:00,60484.6,60562.5,60474.0,60498.8,110.256,6671570.5615
2024-02-28 21:51:00,60498.8,60643.2,60498.8,60598.2,286.38,17354463.6186
2024-02-28 21:54:00,60598.2,60631.1,60528.5,60535.5,217.015,13146897.4803
2024-02-28 21:57:00,60535.5,60629.5,60506.5,60613.0,183.277,11100976.3299
2024-02-28 22:00:00,60613.0,60820.4,60560.4,60795.1,502.889,30540639.8098
2024-02-28 22:03:00,60795.1,60925.8,60786.1,60884.6,525.794,31986539.056
2024-02-28 22:06:00,60884.6,61065.2,60884.6,61037.5,761.343,46431057.1749
2024-02-28 22:09:00,61037.5,61123.1,61000.0,61108.6,429.11,26204608.3721
2024-02-28 22:12:00,61108.6,61208.4,61108.6,61178.2,409.47,25042128.1572
2024-02-28 22:15:00,61178.2,61251.3,61099.0,61197.2,527.988,32302697.0547
2024-02-28 22:18:00,61197.2,61200.0,61023.6,61032.3,344.045,21020952.3007
2024-02-28 22:21:00,61032.3,61297.8,61000.0,61297.8,580.345,35493853.2044
2024-02-28 22:24:00,61297.8,61342.0,61224.6,61280.2,402.103,24640469.3675
2024-02-28 22:27:00,61280.2,61428.9,61280.1,61417.9,383.465,23534702.8952
2024-02-28 22:30:00,61417.9,61417.9,61221.0,61221.7,297.971,18272612.235
2024-02-28 22:33:00,61221.7,61340.9,61011.0,61178.5,865.867,52958019.4706
2024-02-28 22:36:00,61178.5,61321.9,61133.4,61278.2,321.941,19719340.4357
2024-02-28 22:39:00,61278.2,61349.5,61263.6,61270.1,134.509,8246182.0413
2024-02-28 22:42:00,61270.1,61313.2,61181.0,61313.1,133.989,8205426.5779
2024-02-28 22:45:00,61313.1,61315.2,61142.5,61233.8,191.217,11702958.1686
2024-02-28 22:48:00,61233.8,61304.2,61233.7,61282.5,92.142,5644999.6995
2024-02-28 22:51:00,61282.5,61433.6,61282.5,61332.6,253.534,15561161.5808
2024-02-28 22:54:00,61332.6,61438.0,61288.3,61288.4,251.126,15415391.0155
2024-02-28 22:57:00,61288.4,61333.3,61218.7,61319.5,156.698,9601336.7919
2024-02-28 23:00:00,61319.5,61495.1,61310.0,61477.4,523.032,32120103.531
2024-02-28 23:03:00,61477.4,61728.9,61477.3,61725.1,697.418,42947826.9627
2024-02-28 23:06:00,61725.1,61927.0,61705.4,61880.7,797.356,49291918.3388
2024-02-28 23:09:00,61880.7,61977.0,61738.6,61963.6,743.736,46022269.1268
2024-02-28 23:12:00,61963.6,62180.0,61958.6,62173.6,714.827,44369893.5892
2024-02-28 23:15:00,62173.6,62441.0,62151.3,62417.5,1984.484,123689155.214
2024-02-28 23:18:00,62417.5,62599.0,61971.4,62133.2,2024.842,126194624.1171
2024-02-28 23:21:00,62133.2,62464.7,62133.2,62440.0,584.164,36392744.3446
2024-02-28 23:24:00,62440.0,62440.6,62239.7,62417.9,456.062,28428320.9384
2024-02-28 23:27:00,62417.9,62650.0,62392.6,62392.6,823.126,51478255.4601
2024-02-28 23:30:00,62392.6,62399.0,62225.2,62300.1,740.208,46123888.0775
2024-02-28 23:33:00,62300.1,62474.9,62248.0,62307.0,369.183,23025353.266
2024-02-28 23:36:00,62307.0,62542.8,62281.6,62501.0,384.876,24016585.152
2024-02-28 23:39:00,62501.0,62713.0,62456.1,62494.6,773.354,48419050.9479
2024-02-28 23:42:00,62494.6,62597.6,62468.7,62545.0,351.783,22002090.9091
2024-02-28 23:45:00,62545.0,62548.8,62422.3,62437.5,420.41,26271279.8436
2024-02-28 23:48:00,62437.5,62592.2,62277.2,62585.6,752.566,46957359.0954
2024-02-28 23:51:00,62585.6,62658.1,62494.9,62495.0,442.294,27671913.6052
2024-02-28 23:54:00,62495.0,62599.4,62492.0,62525.0,219.627,13732667.6073
2024-02-28 23:57:00,62525.0,62528.6,62471.2,62484.1,329.269,20576628.3815
2024-02-29 00:00:00,62484.1,62500.0,62331.1,62396.9,578.093,36083367.7328
2024-02-29 00:03:00,62396.9,62401.0,62012.2,62270.2,1429.129,88886747.6544
2024-02-29 00:06:00,62270.2,62463.1,62256.2,62403.6,446.914,27873575.8496
2024-02-29 00:09:00,62403.6,62419.6,62152.0,62170.1,776.264,48356575.985
2024-02-29 00:12:00,62170.1,62192.7,61629.4,61792.9,1391.129,86106853.7469
2024-02-29 00:15:00,61792.9,62000.0,61769.3,61959.4,574.449,35561861.4207
2024-02-29 00:18:00,61959.4,62047.9,61542.6,61659.6,802.397,49562634.2494
2024-02-29 00:21:00,61659.6,61858.7,61573.0,61840.8,753.287,46487869.9572
2024-02-29 00:24:00,61840.8,61929.6,61750.0,61769.7,411.837,25467540.9796
2024-02-29 00:27:00,61769.7,61800.6,61605.0,61726.2,507.042,31275584.3834
2024-02-29 00:30:00,61726.2,61747.6,61593.7,61593.8,313.442,19330048.6979
2024-02-29 00:33:00,61593.8,61821.3,61510.5,61810.1,658.479,40593218.04
2024-02-29 00:36:00,61810.1,61947.2,61807.8,61910.4,505.238,31266916.0071
2024-02-29 00:39:00,61910.4,62035.4,61790.0,61857.0,488.171,30221998.0414
2024-02-29 00:42:00,61857.0,61880.9,61660.9,61660.9,435.517,26886416.4863
2024-02-29 00:45:00,61660.9,61666.6,61553.1,61600.0,537.02,33090362.4723
2024-02-29 00:48:00,61600.0,61643.5,61260.0,61408.1,1153.832,70860849.5611
2024-02-29 00:51:00,61408.1,61417.2,61254.6,61398.7,538.332,33011145.8087
2024-02-29 00:54:00,61398.7,61488.1,61319.5,61474.0,441.312,27099230.8674
2024-02-29 00:57:00,61474.0,61475.6,61278.9,61427.2,395.733,24294120.6685
2024-02-29 01:00:00,61427.2,61443.6,61213.0,61443.5,1024.063,62809093.862
2024-02-29 01:03:00,61443.5,61560.9,61358.0,61360.6,420.512,25849730.9085
2024-02-29 01:06:00,61360.6,61462.0,61353.0,61386.9,111.825,6867883.8725
2024-02-29 01:09:00,61386.9,61464.6,61150.4,61180.5,516.187,31625350.1791
2024-02-29 01:12:00,61180.5,61264.7,61138.6,61175.0,306.023,18726561.9738
2024-02-29 01:15:00,61175.0,61418.5,61175.0,61381.9,323.679,19849516.7861
2024-02-29 01:18:00,61381.9,61479.9,61380.1,61453.2,172.513,10599366.1648
2024-02-29 01:21:00,61453.2,61495.2,61337.2,61363.4,146.972,9023620.108
2024-02-29 01:24:00,61363.4,61376.8,61078.7,61140.5,447.119,27361221.9753
2024-02-29 01:27:00,61140.5,61276.7,61130.7,61275.9,219.806,13457455.871
2024-02-29 01:30:00,61275.9,61440.0,61251.2,61432.9,167.854,10297082.7369
2024-02-29 01:33:00,61432.9,61500.0,61432.9,61453.1,214.187,13165905.0369
2024-02-29 01:36:00,61453.1,61623.7,61450.0,61517.4,457.601,28166646.4605
2024-02-29 01:39:00,61517.4,61553.7,61429.9,61523.2,310.273,19078946.4275
2024-02-29 01:42:00,61523.2,61606.7,61520.0,61538.1,294.284,18119722.851
2024-02-29 01:45:00,61538.1,61581.5,61500.0,61567.6,120.81,7432419.2138
2024-02-29 01:48:00,61567.6,61620.4,61460.0,61460.0,189.254,11650881.1358
2024-02-29 01:51:00,61460.0,61471.5,61373.2,61418.0,345.543,21220107.673
2024-02-29 01:54:00,61418.0,61445.3,61303.8,61379.4,188.568,11571125.0213
2024-02-29 01:57:00,61379.4,61489.5,61354.5,61466.9,181.722,11164998.0473
2024-02-29 02:00:00,61466.9,61489.9,61379.3,61461.4,184.3,11322375.9187
2024-02-29 02:03:00,61461.4,61600.0,61457.2,61554.2,191.954,11817037.4663
2024-02-29 02:06:00,61554.2,61613.8,61530.3,61571.0,160.46,9880734.8471
2024-02-29 02:09:00,61571.0,61571.0,61333.0,61359.1,477.74,29343679.069
2024-02-29 02:12:00,61359.1,61439.7,61340.4,61424.1,123.62,7588670.8078
2024-02-29 02:15:00,61424.1,61424.1,61300.3,61317.5,158.331,9712864.0135
2024-02-29 02:18:00,61317.5,61348.2,61221.7,61244.4,238.816,14635898.977
2024-02-29 02:21:00,61244.4,61320.0,61150.1,61281.4,286.145,17521199.8098
2024-02-29 02:24:00,61281.4,61310.7,61238.2,61246.7,125.01,7660763.3677
2024-02-29 02:27:00,61246.7,61397.5,61228.6,61376.7,153.403,9408579.0713
2024-02-29 02:30:00,61376.7,61414.7,61318.4,61357.5,203.254,12473938.5494
2024-02-29 02:33:00,61357.5,61520.0,61349.5,61519.9,113.794,6993638.0898
2024-02-29 02:36:00,61519.9,61578.2,61516.6,61575.2,185.692,11428253.0705
2024-02-29 02:39:00,61575.2,61581.6,61434.0,61507.7,182.305,11209743.2499
2024-02-29 02:42:00,61507.7,61568.6,61481.0,61564.6,114.367,7035821.2383
2024-02-29 02:45:00,61564.6,61613.0,61527.3,61613.0,103.867,6395895.4805
2024-02-29 02:48:00,61613.0,61774.1,61612.9,61754.6,589.651,36381919.3033
2024-02-29 02:51:00,61754.6,61820.4,61623.2,61639.0,293.248,18107444.5899
2024-02-29 02:54:00,61639.0,61726.0,61577.6,61725.9,226.491,13957986.3009
2024-02-29 02:57:00,61725.9,61832.8,61703.9,61830.1,149.421,9231021.8334
2024-02-29 03:00:00,61830.1,61830.1,61722.0,61750.7,146.742,9062435.3757
2024-02-29 03:03:00,61750.7,61766.6,61631.6,61712.3,215.732,13309753.6212
2024-02-29 03:06:00,61712.3,61733.4,61654.0,61721.6,137.268,8468281.456
2024-02-29 03:09:00,61721.6,61721.6,61603.3,61626.9,115.23,7103699.7614
2024-02-29 03:12:00,61626.9,61719.7,61553.5,61685.8,181.749,11203615.0856
2024-02-29 03:15:00,61685.8,61685.8,61584.4,61638.3,116.316,7169177.0315
2024-02-29 03:18:00,61638.3,61650.0,61459.1,61470.3,308.891,19001003.9163
2024-02-29 03:21:00,61470.3,61503.0,61331.5,61443.2,346.373,21274584.7049
2024-02-29 03:24:00,61443.2,61443.2,61361.0,61383.7,98.37,6039097.2448
2024-02-29 03:27:00,61383.7,61421.9,61325.0,61412.9,234.948,14420088.2045
2024-02-29 03:30:00,61412.9,61412.9,61200.0,61282.7,431.629,26454564.6621
2024-02-29 03:33:00,61282.7,61416.2,61265.8,61355.5,189.914,11649281.6455
2024-02-29 03:36:00,61355.5,61375.0,61231.0,61356.0,178.502,10944675.4381
2024-02-29 03:39:00,61356.0,61471.5,61336.3,61446.0,188.704,11590049.1258
2024-02-29 03:42:00,61446.0,61535.1,61435.9,61506.2,251.561,15469375.9063
2024-02-29 03:45:00,61506.2,61540.2,61501.3,61527.9,133.787,8231214.2489
2024-02-29 03:48:00,61527.9,61589.7,61500.7,61589.6,166.238,10231321.5607
2024-02-29 03:51:00,61589.6,61589.6,61514.3,61529.2,231.676,14258636.506
2024-02-29 03:54:00,61529.2,61578.0,61529.2,61571.9,67.081,4129659.8669
2024-02-29 03:57:00,61571.9,61645.5,61571.9,61636.5,139.019,8565974.643
2024-02-29 04:00:00,61636.5,61644.7,61542.9,61554.7,240.891,14837564.1509
2024-02-29 04:03:00,61554.7,61554.8,61453.5,61490.0,208.839,12841876.5339
2024-02-29 04:06:00,61490.0,61490.0,61407.0,61460.1,134.564,8267305.0898
2024-02-29 04:09:00,61460.1,61535.5,61438.8,61535.5,166.291,10224114.2687
2024-02-29 04:12:00,61535.5,61620.0,61535.4,61607.6,133.357,8211744.3548
2024-02-29 04:15:00,61607.6,61777.0,61607.6,61776.9,274.496,16932827.2238
2024-02-29 04:18:00,61776.9,61795.0,61666.6,61717.7,503.726,31102880.1819
2024-02-29 04:21:00,61717.7,61811.9,61700.0,61811.8,206.16,12736183.6453
2024-02-29 04:24:00,61811.8,61886.6,61800.1,61829.3,372.445,23033765.7597
2024-02-29 04:27:00,61829.3,61894.9,61797.0,61800.0,187.633,11602049.3542
2024-02-29 04:30:00,61800.0,61813.7,61717.9,61775.6,158.944,9816132.8249
2024-02-29 04:33:00,61775.6,61920.0,61775.2,61896.9,226.62,14018771.5413
2024-02-29 04:36:00,61896.9,62074.0,61895.9,62015.5,370.795,22985520.6568
2024-02-29 04:39:00,62015.5,62052.9,61914.4,62044.2,225.911,13999886.1784
2024-02-29 04:42:00,62044.2,62363.9,62037.1,62221.6,987.269,61430194.8942
2024-02-29 04:45:00,62221.6,62614.9,62203.1,62507.3,1453.155,90759478.8284
2024-02-29 04:48:00,62507.3,62600.0,62423.8,62473.4,860.333,53784350.5834
2024-02-29 04:51:00,62473.4,62868.8,62454.6,62685.3,1640.616,102811594.3788
2024-02-29 04:54:00,62685.3,62709.2,62542.1,62565.4,610.776,38234683.3693
2024-02-29 04:57:00,62565.4,62657.1,62438.7,62543.0,418.97,26204509.3779
2024-02-29 05:00:00,62543.0,62556.7,62425.2,62441.0,499.587,31213488.5769
2024-02-29 05:03:00,62441.0,62443.3,62256.3,62344.6,655.804,40870910.0544
2024-02-29 05:06:00,62344.6,62376.3,62139.0,62185.7,521.245,32429345.3904
2024-02-29 05:09:00,62185.7,62279.6,62161.9,62185.9,397.725,24744993.6027
2024-02-29 05:12:00,62185.9,62207.1,62118.4,62129.9,479.01,29776783.2229
2024-02-29 05:15:00,62129.9,62184.4,62000.0,62022.4,407.141,25271140.9582
2024-02-29 05:18:00,62022.4,62054.8,61860.4,61972.6,671.888,41614770.3298
2024-02-29 05:21:00,61972.6,62087.6,61961.0,62077.5,345.226,21417980.1853
2024-02-29 05:24:00,62077.5,62123.6,62020.1,62094.9,330.14,20494429.6384
2024-02-29 05:27:00,62094.9,62274.7,62094.8,62264.3,526.678,32759972.4401
2024-02-29 05:30:00,62264.3,62265.6,62047.5,62077.0,306.106,19020578.7234
2024-02-29 05:33:00,62077.0,62224.0,62077.0,62102.9,312.183,19410722.7425
2024-02-29 05:36:00,62102.9,62102.9,62010.8,62042.4,156.111,9686261.6526
2024-02-29 05:39:00,62042.4,62305.6,62026.8,62260.4,423.461,26350219.3888
2024-02-29 05:42:00,62260.4,62300.6,62180.3,62260.6,296.296,18441312.968
2024-02-29 05:45:00,62260.6,62335.7,62207.9,62246.8,330.205,20561808.7986
2024-02-29 05:48:00,62246.8,62375.9,62206.3,62350.3,190.124,11842724.3982
2024-02-29 05:51:00,62350.3,62450.0,62317.6,62449.9,277.975,17339255.6676
2024-02-29 05:54:00,62449.9,62674.6,62426.1,62604.9,770.983,48232224.3299
2024-02-29 05:57:00,62604.9,62767.2,62586.2,62636.9,721.379,45217717.9392
2024-02-29 06:00:00,62636.9,62928.9,62560.0,62921.1,941.533,59084946.3569
2024-02-29 06:03:00,62921.1,63031.8,62800.0,62941.8,858.524,54033188.7279
2024-02-29 06:06:00,62941.8,63145.0,62874.6,63124.9,885.021,55806389.8057
2024-02-29 06:09:00,63124.9,63218.3,62990.2,63042.1,907.57,57286035.0642
2024-02-29 06:12:00,63042.1,63433.1,63010.0,63303.8,1040.825,65851042.3102
2024-02-29 06:15:00,63303.8,63480.0,63157.1,63421.2,799.596,50616746.0894
2024-02-29 06:18:00,63421.2,63580.8,63370.7,63470.0,891.804,56607319.4304
2024-02-29 06:21:00,63470.0,63477.1,63100.8,63262.8,1219.126,77133424.3372
2024-02-29 06:24:00,63262.8,63393.7,63239.5,63258.5,678.624,42966727.7208
2024-02-29 06:27:00,63258.5,63277.0,63129.5,63230.7,589.337,37251488.7013
2024-02-29 06:30:00,63230.7,63419.7,63133.3,63286.0,569.925,36061971.2967
2024-02-29 06:33:00,63286.0,63422.0,63224.0,63415.9,308.9,19558077.7881
2024-02-29 06:36:00,63415.9,63461.7,63217.7,63222.6,545.341,34560687.3056
2024-02-29 06:39:00,63222.6,63437.6,63218.6,63419.6,400.103,25344992.0942
2024-02-29 06:42:00,63419.6,63517.3,63405.8,63509.7,457.23,29023164.8136
2024-02-29 06:45:00,63509.7,63796.6,63482.5,63640.6,1475.859,93926979.6825
2024-02-29 06:48:00,63640.6,63662.7,63391.5,63450.3,933.053,59257276.1752
2024-02-29 06:51:00,63450.3,63476.7,63165.0,63172.0,1001.536,63372187.4187
2024-02-29 06:54:00,63172.0,63254.7,63140.1,63163.7,385.314,24347905.4337
2024-02-29 06:57:00,63163.7,63167.8,62933.0,63077.1,1331.076,83911906.5123
2024-02-29 07:00:00,63077.1,63138.9,62967.2,62969.9,586.178,36959685.3835
2024-02-29 07:03:00,62969.9,63024.7,62807.0,62869.6,803.707,50567407.4073
2024-02-29 07:06:00,62869.6,63120.7,62869.6,63093.2,437.381,27575134.6591
2024-02-29 07:09:00,63093.2,63252.9,63083.6,63223.9,563.006,35572749.3153
2024-02-29 07:12:00,63223.9,63223.9,63086.3,63207.8,348.407,22006684.1539
2024-02-29 07:15:00,63207.8,63207.9,62969.2,63031.2,480.546,30307931.4854
2024-02-29 07:18:00,63031.2,63065.2,62853.0,62861.1,452.63,28501404.15
2024-02-29 07:21:00,62861.1,62981.2,62698.9,62831.4,917.646,57672272.9555
2024-02-29 07:24:00,62831.4,63000.1,62809.4,62897.9,317.231,19953278.8753
2024-02-29 07:27:00,62897.9,62922.7,62727.1,62730.0,556.516,34952966.981
2024-02-29 07:30:00,62730.0,62864.8,62604.3,62835.7,928.004,58191266.9625
2024-02-29 07:33:00,62835.7,62926.0,62785.9,62900.1,294.921,18539799.047
2024-02-29 07:36:00,62900.1,62910.0,62767.7,62811.1,182.91,11490872.8954
2024-02-29 07:39:00,62811.1,62845.0,62724.9,62746.4,184.979,11613206.9978
2024-02-29 07:42:00,62746.4,62860.3,62746.3,62783.4,216.091,13567895.8556
2024-02-29 07:45:00,62783.4,62797.8,62633.9,62660.9,241.462,15135927.3964
2024-02-29 07:48:00,62660.9,62744.1,62640.0,62736.2,199.701,12518610.5441
2024-02-29 07:51:00,62736.2,62748.5,62664.9,62705.7,133.752,8387886.8238
2024-02-29 07:54:00,62705.7,62837.3,62651.1,62808.9,330.781,20761288.2544
2024-02-29 07:57:00,62808.9,62808.9,62701.4,62783.0,225.745,14163738.0657
2024-02-29 08:00:00,62783.0,62892.0,62730.8,62835.2,495.102,31108562.5283
2024-02-29 08:03:00,62835.2,62925.6,62820.0,62831.4,309.041,19429889.7669
2024-02-29 08:06:00,62831.4,62978.3,62826.3,62978.0,305.696,19234895.928
2024-02-29 08:09:00,62978.0,63151.4,62978.0,63056.3,762.361,48075874.8125
2024-02-29 08:12:00,63056.3,63198.1,63056.2,63166.5,463.749,29284760.0839
2024-02-29 08:15:00,63166.5,63235.0,63098.0,63217.4,524.687,33144656.6982
2024-02-29 08:18:00,63217.4,63228.5,63062.0,63147.4,348.757,22022723.6167
2024-02-29 08:21:00,63147.4,63159.8,62886.0,62948.5,728.176,45860764.199
2024-02-29 08:24:00,62948.5,62950.0,62338.5,62553.9,2092.025,130937971.6274
2024-02-29 08:27:00,62553.9,62571.0,62417.7,62570.9,672.235,42009127.6905
2024-02-29 08:30:00,62570.9,62750.0,62564.4,62749.9,619.799,38836354.9049
2024-02-29 08:33:00,62749.9,62932.6,62703.9,62867.8,628.874,39514250.995
2024-02-29 08:36:00,62867.8,62867.8,62612.0,62612.1,497.072,31184292.6897
2024-02-29 08:39:00,62612.1,62765.9,62604.4,62745.0,437.042,27403359.6476
2024-02-29 08:42:00,62745.0,62867.4,62737.4,62798.5,217.899,13685970.399
2024-02-29 08:45:00,62798.5,62798.5,62584.0,62656.0,287.005,17989543.9883
2024-02-29 08:48:00,62656.0,62880.0,62642.6,62851.5,220.257,13827208.0053
2024-02-29 08:51:00,62851.5,62952.1,62832.5,62840.1,305.148,19191253.3015
2024-02-29 08:54:00,62840.1,63000.0,62831.2,62919.9,489.172,30785115.6328
2024-02-29 08:57:00,62919.9,62943.4,62860.1,62882.0,218.37,13736475.4229
2024-02-29 09:00:00,62882.0,62946.6,62778.1,62937.6,399.847,25137038.7486
2024-02-29 09:03:00,62937.6,62991.0,62881.0,62914.8,242.986,15292556.8983
2024-02-29 09:06:00,62914.8,63029.2,62884.1,63008.7,263.671,16604011.1626
2024-02-29 09:09:00,63008.7,63075.0,62963.5,62963.5,378.034,23825450.6866
2024-02-29 09:12:00,62963.5,62963.5,62760.0,62839.9,251.099,15779346.6524
2024-02-29 09:15:00,62839.9,62839.9,62664.0,62670.1,356.552,22361040.2615
2024-02-29 09:18:00,62670.1,62714.2,62591.4,62671.3,324.166,20312154.0174
2024-02-29 09:21:00,62671.3,62671.9,62532.2,62631.6,480.042,30047609.2119
2024-02-29 09:24:00,62631.6,62676.8,62521.4,62530.5,317.312,19862500.5751
2024-02-29 09:27:00,62530.5,62587.4,62475.5,62491.6,397.214,24831304.4873
2024-02-29 09:30:00,62491.6,62622.3,62340.9,62600.1,805.554,50334892.917
2024-02-29 09:33:00,62600.1,62677.4,62575.6,62677.4,186.318,11669983.7453
2024-02-29 09:36:00,62677.4,62740.0,62676.5,62676.9,317.358,19900790.6081
2024-02-29 09:39:00,62676.9,62699.3,62628.1,62685.4,195.149,12228833.3245
2024-02-29 09:42:00,62685.4,62725.4,62680.1,62719.8,160.09,10039323.7843
2024-02-29 09:45:00,62719.8,62726.3,62458.2,62607.1,644.958,40338746.1232
2024-02-29 09:48:00,62607.1,62758.3,62580.1,62757.9,152.695,9569368.116
2024-02-29 09:51:00,62757.9,62844.2,62757.9,62836.1,346.293,21751338.0681
2024-02-29 09:54:00,62836.1,62857.4,62800.0,62841.7,146.231,9189003.3735
2024-02-29 09:57:00,62841.7,62864.3,62776.2,62776.2,154.197,9686580.9232
2024-02-29 10:00:00,62776.2,62804.7,62654.1,62664.6,341.875,21444194.8402
2024-02-29 10:03:00,62664.6,62687.5,62587.9,62590.3,244.493,15314642.5842
2024-02-29 10:06:00,62590.3,62629.6,62492.0,62502.0,267.639,16743338.0385
2024-02-29 10:09:00,62502.0,62547.1,62390.5,62449.2,386.315,24126264.7189
2024-02-29 10:12:00,62449.2,62535.0,62429.9,62463.9,352.707,22034741.4112
2024-02-29 10:15:00,62463.9,62487.0,62170.0,62334.9,1301.456,81064212.7519
2024-02-29 10:18:00,62334.9,62476.3,62285.0,62435.2,587.515,36653243.9181
2024-02-29 10:21:00,62435.2,62474.8,62373.1,62446.3,208.164,12993007.051
2024-02-29 10:24:00,62446.3,62467.9,62398.9,62467.9,177.909,11106112.6629
2024-02-29 10:27:00,62467.9,62545.5,62454.6,62520.2,252.769,15801258.1956
2024-02-29 10:30:00,62520.2,62524.8,62397.6,62519.9,193.084,12062384.6222
2024-02-29 10:33:00,62519.9,62598.9,62510.4,62598.9,219.945,13759533.0677
2024-02-29 10:36:00,62598.9,62618.7,62547.0,62570.0,193.539,12111359.5617
2024-02-29 10:39:00,62570.0,62649.8,62569.9,62645.3,135.956,8514073.7793
2024-02-29 10:42:00,62645.3,62646.5,62605.3,62619.9,83.905,5254507.9916
2024-02-29 10:45:00,62619.9,62719.3,62605.3,62719.3,326.352,20453456.4983
2024-02-29 10:48:00,62719.3,62760.0,62654.0,62758.1,302.358,18960663.4032
2024-02-29 10:51:00,62758.1,62837.0,62710.2,62822.0,435.097,27315693.0092
2024-02-29 10:54:00,62822.0,62891.2,62776.2,62788.1,399.28,25086741.1718
2024-02-29 10:57:00,62788.1,62826.1,62688.1,62799.1,332.788,20883653.3912
2024-02-29 11:00:00,62799.1,62799.1,62700.6,62747.1,237.733,14916686.2373
2024-02-29 11:03:00,62747.1,62917.8,62747.1,62917.7,375.578,23610715.1591
2024-02-29 11:06:00,62917.7,63034.0,62885.9,62958.0,743.643,46818215.6325
2024-02-29 11:09:00,62958.0,63029.2,62930.0,62995.0,256.952,16181811.7366
2024-02-29 11:12:00,62995.0,63050.0,62985.2,62991.5,206.936,13040852.3953
2024-02-29 11:15:00,62991.5,62991.5,62862.0,62935.5,354.405,22294334.5402
2024-02-29 11:18:00,62935.5,62938.4,62859.8,62931.5,126.558,7960953.4436
2024-02-29 11:21:00,62931.5,63100.6,62925.4,63092.7,363.653,22926282.8017
2024-02-29 11:24:00,63092.7,63097.4,62949.4,63046.4,273.195,17217647.4375
2024-02-29 11:27:00,63046.4,63127.0,63044.2,63090.1,254.626,16065260.1618
2024-02-29 11:30:00,63090.1,63214.9,62996.8,63135.6,592.241,37383080.6229
2024-02-29 11:33:00,63135.6,63448.0,63135.5,63380.0,1073.061,67946110.0256
2024-02-29 11:36:00,63380.0,63475.5,63127.5,63212.2,939.281,59439016.4629
2024-02-29 11:39:00,63212.2,63325.5,63185.2,63271.9,460.447,29130630.7895
2024-02-29 11:42:00,63271.9,63271.9,62929.2,63005.7,682.845,43063625.7998
2024-02-29 11:45:00,63005.7,63090.6,62860.0,63056.5,605.594,38131306.357
2024-02-29 11:48:00,63056.5,63156.5,62966.5,63138.1,290.213,18302849.9033
2024-02-29 11:51:00,63138.1,63149.1,62986.7,63065.1,248.722,15681245.9782
2024-02-29 11:54:00,63065.1,63100.0,62903.8,62960.8,306.252,19293472.9719
2024-02-29 11:57:00,62960.8,63064.4,62935.9,63035.1,154.98,9768194.1248
2024-02-29 12:00:00,63035.1,63141.0,62943.4,62976.1,352.599,22226206.5354
2024-02-29 12:03:00,62976.1,63001.3,62632.5,62632.5,897.098,56341032.362
2024-02-29 12:06:00,62632.5,62701.6,62364.2,62627.8,2000.388,125134455.8715
2024-02-29 12:09:00,62627.8,62730.0,62563.5,62631.2,567.657,35563249.3902
2024-02-29 12:12:00,62631.2,62680.6,62511.0,62618.6,510.849,31974545.5117
2024-02-29 12:15:00,62618.6,62725.0,62579.2,62725.0,379.143,23759818.4522
2024-02-29 12:18:00,62725.0,62767.5,62700.0,62722.3,262.367,16458239.2964
2024-02-29 12:21:00,62722.3,62811.1,62685.0,62723.8,274.28,17212439.7888
2024-02-29 12:24:00,62723.8,62821.4,62723.8,62820.2,117.409,7370113.3025
2024-02-29 12:27:00,62820.2,62873.0,62747.1,62762.1,346.619,21771624.7165
2024-02-29 12:30:00,62762.1,62800.0,62712.9,62797.9,119.632,7507809.0084
2024-02-29 12:33:00,62797.9,62849.6,62733.0,62734.6,257.921,16197387.6892
2024-02-29 12:36:00,62734.6,62757.9,62579.6,62626.4,403.192,25258979.2948
2024-02-29 12:39:00,62626.4,62708.1,62624.2,62689.2,259.256,16245767.1814
2024-02-29 12:42:00,62689.2,62711.1,62650.0,62653.9,91.475,5733678.1912
2024-02-29 12:45:00,62653.9,62653.9,62454.9,62508.0,474.678,29683776.2418
2024-02-29 12:48:00,62508.0,62588.0,62490.8,62540.8,119.264,7460223.6137
2024-02-29 12:51:00,62540.8,62674.4,62540.8,62625.0,184.711,11570195.5256
2024-02-29 12:54:00,62625.0,62760.0,62623.1,62746.4,117.576,7371641.2541
2024-02-29 12:57:00,62746.4,62760.0,62700.0,62745.3,102.618,6436340.8527
2024-02-29 13:00:00,62745.3,62770.0,62719.2,62724.6,178.834,11221287.6661
2024-02-29 13:03:00,62724.6,62724.6,62585.0,62640.5,293.431,18379474.9478
2024-02-29 13:06:00,62640.5,62849.8,62640.5,62776.8,362.868,22778007.8559
2024-02-29 13:09:00,62776.8,62885.0,62776.8,62783.0,334.585,21023500.0829
2024-02-29 13:12:00,62783.0,62874.9,62679.7,62846.7,260.467,16352801.141
2024-02-29 13:15:00,62846.7,62899.6,62786.4,62843.6,218.843,13754816.4429
2024-02-29 13:18:00,62843.6,62899.9,62636.4,62647.5,343.857,21584081.5266
2024-02-29 13:21:00,62647.5,62654.9,62319.5,62396.5,930.282,58133445.5131
2024-02-29 13:24:00,62396.5,62520.8,62362.4,62388.0,532.946,33285464.7183
2024-02-29 13:27:00,62388.0,62459.9,62056.1,62303.9,1503.079,93545067.2426
2024-02-29 13:30:00,62303.9,62764.3,62283.3,62675.1,1316.127,82305673.1344
2024-02-29 13:33:00,62675.1,62792.1,62574.9,62706.3,739.633,46370809.7021
2024-02-29 13:36:00,62706.3,62840.9,62706.2,62799.8,593.309,37256695.8848
2024-02-29 13:39:00,62799.8,63124.0,62794.1,63066.6,1143.651,72003293.0511
2024-02-29 13:42:00,63066.6,63160.6,62800.0,62860.0,890.224,56055411.8796
2024-02-29 13:45:00,62860.0,62943.0,62750.1,62864.9,595.791,37436463.3234
2024-02-29 13:48:00,62864.9,63000.0,62864.9,62979.7,413.604,26034624.2641
2024-02-29 13:51:00,62979.7,63094.4,62962.3,63075.9,320.867,20224368.2692
2024-02-29 13:54:00,63075.9,63075.9,62927.5,62978.3,545.332,34336689.368
2024-02-29 13:57:00,62978.3,63063.8,62940.1,63013.5,221.994,13986906.698
2024-02-29 14:00:00,63013.5,63089.0,62914.2,62914.2,314.309,19801823.0355
2024-02-29 14:03:00,62914.2,63041.2,62850.0,63024.0,333.526,20984017.98
2024-02-29 14:06:00,63024.0,63134.1,62954.7,63114.9,501.674,31626773.7247
2024-02-29 14:09:00,63114.9,63283.9,63110.1,63282.4,717.691,45359809.21
2024-02-29 14:12:00,63282.4,63343.2,63136.8,63188.2,810.857,51272002.7838
2024-02-29 14:15:00,63188.2,63193.2,62937.2,63097.3,685.288,43213343.444
2024-02-29 14:18:00,63097.3,63285.7,63073.2,63270.1,407.286,25730898.6717
2024-02-29 14:21:00,63270.1,63270.2,63044.4,63064.5,251.029,15846354.9183
2024-02-29 14:24:00,63064.5,63249.6,63051.4,63224.0,374.349,23643982.0612
2024-02-29 14:27:00,63224.0,63372.8,63139.5,63361.4,566.5,35848966.797
2024-02-29 14:30:00,63361.4,63511.5,63265.6,63482.1,1038.449,65831540.0256
2024-02-29 14:33:00,63482.1,63569.5,63420.0,63537.6,1142.818,72556849.0635
2024-02-29 14:36:00,63537.6,63649.1,63109.3,63165.6,1818.801,115254837.2983
2024-02-29 14:39:00,63165.6,63352.0,62951.0,63062.9,1409.393,89002189.7823
2024-02-29 14:42:00,63062.9,63148.4,63000.0,63019.2,575.05,36263829.3785
2024-02-29 14:45:00,63019.2,63157.8,62808.2,62963.2,959.675,60407696.1188
2024-02-29 14:48:00,62963.2,63020.9,62835.9,62935.6,676.689,42566323.5764
2024-02-29 14:51:00,62935.6,63005.8,62800.8,62916.1,502.94,31630389.8564
2024-02-29 14:54:00,62916.1,63098.2,62820.9,63028.2,816.717,51412519.6681
2024-02-29 14:57:00,63028.2,63053.0,62927.0,62959.2,334.757,21083679.9253
2024-02-29 15:00:00,62959.2,63000.0,62703.2,62736.2,699.517,43940110.3012
2024-02-29 15:03:00,62736.2,62834.8,62680.3,62750.7,405.874,25472196.3719
2024-02-29 15:06:00,62750.7,62916.2,62741.5,62908.0,384.94,24189556.8227
2024-02-29 15:09:00,62908.0,62908.0,62680.0,62715.7,397.486,24960659.0492
2024-02-29 15:12:00,62715.7,62748.8,62616.2,62658.1,381.932,23941019.1155
2024-02-29 15:15:00,62658.1,62941.4,62654.1,62916.5,503.959,31668685.0585
2024-02-29 15:18:00,62916.5,63086.8,62890.5,63055.7,536.608,33805299.6302
2024-02-29 15:21:00,63055.7,63222.0,63055.7,63140.8,561.74,35470575.1147
2024-02-29 15:24:00,63140.8,63255.5,63120.9,63199.9,307.101,19407437.3561
2024-02-29 15:27:00,63199.9,63325.5,63192.7,63251.0,451.558,28570921.5892
2024-02-29 15:30:00,63251.0,63351.8,63144.6,63312.6,594.797,37613238.5809
2024-02-29 15:33:00,63312.6,63335.1,63220.0,63310.0,251.665,15925058.0072
2024-02-29 15:36:00,63310.0,63363.6,63022.7,63086.9,822.945,51972635.4681
2024-02-29 15:39:00,63086.9,63182.1,62992.7,63054.9,366.114,23098307.7181
2024-02-29 15:42:00,63054.9,63108.3,62965.0,63039.8,269.45,16980417.7218
2024-02-29 15:45:00,63039.8,63048.3,62921.1,62952.2,231.454,14578028.0225
2024-02-29 15:48:00,62952.2,63064.4,62952.1,63016.7,190.666,12014334.6882
2024-02-29 15:51:00,63016.7,63044.2,62876.6,62890.0,267.135,16810063.6519
2024-02-29 15:54:00,62890.0,62912.4,62761.2,62788.9,378.104,23757971.7019
2024-02-29 15:57:00,62788.9,62894.8,62761.3,62811.1,212.991,13382069.9777
2024-02-29 16:00:00,62811.1,62926.4,62750.1,62764.3,509.477,32005025.0918
2024-02-29 16:03:00,62764.3,62850.0,62667.0,62810.0,574.416,36034309.6718
2024-02-29 16:06:00,62810.0,62964.0,62757.2,62843.8,306.52,19277852.1908
2024-02-29 16:09:00,62843.8,62886.8,62810.4,62842.1,252.624,15875965.526
2024-02-29 16:12:00,62842.1,62842.1,62640.1,62697.7,450.264,28233847.9273
2024-02-29 16:15:00,62697.7,62700.0,62530.0,62572.0,941.368,58944592.2805
2024-02-29 16:18:00,62572.0,62593.2,62450.6,62580.1,855.019,53444785.5641
2024-02-29 16:21:00,62580.1,62597.2,62360.0,62448.2,649.063,40527129.1752
2024-02-29 16:24:00,62448.2,62484.0,62283.2,62371.5,675.839,42152001.1487
2024-02-29 16:27:00,62371.5,62438.5,62181.7,62283.2,1180.474,73515620.464
2024-02-29 16:30:00,62283.2,62496.8,62239.7,62450.0,740.362,46200395.9858
2024-02-29 16:33:00,62450.0,62547.2,62394.4,62515.9,651.391,40702197.1622
2024-02-29 16:36:00,62515.9,62533.3,62233.3,62266.2,466.049,29052938.3726
2024-02-29 16:39:00,62266.2,62275.0,61532.1,61860.1,5653.544,349658862.8949
2024-02-29 16:42:00,61860.1,62013.9,61666.0,61925.5,1589.267,98296451.143
2024-02-29 16:45:00,61925.5,62186.7,61757.4,62113.6,1388.464,86103093.3489
2024-02-29 16:48:00,62113.6,62152.6,62026.5,62119.0,438.535,27230549.1881
2024-02-29 16:51:00,62119.0,62268.4,62064.3,62241.0,578.371,35965934.4242
2024-02-29 16:54:00,62241.0,62314.2,62228.5,62263.8,570.834,35542138.7563
2024-02-29 16:57:00,62263.8,62366.6,62236.5,62250.1,367.937,22927045.4252
2024-02-29 17:00:00,62250.1,62456.1,62215.8,62436.4,545.477,34013346.7704
2024-02-29 17:03:00,62436.4,62484.5,62322.0,62327.1,353.987,22094995.5659
2024-02-29 17:06:00,62327.1,62367.7,62117.3,62178.9,597.57,37167083.1172
2024-02-29 17:09:00,62178.9,62243.9,62062.0,62088.5,469.242,29163022.4741
2024-02-29 17:12:00,62088.5,62149.0,61979.6,62010.5,596.932,37049463.18
2024-02-29 17:15:00,62010.5,62117.5,61855.0,61992.0,832.356,51582384.2259
2024-02-29 17:18:00,61992.0,62210.8,61964.0,62128.6,553.763,34392974.7383
2024-02-29 17:21:00,62128.6,62128.6,61874.8,61930.0,500.083,30984451.6713
2024-02-29 17:24:00,61930.0,62112.6,61924.1,62004.0,324.723,20142560.3159
2024-02-29 17:27:00,62004.0,62004.0,61720.0,61788.2,635.148,39268973.0832
2024-02-29 17:30:00,61788.2,61835.6,61546.3,61610.0,1005.204,61967967.1653
2024-02-29 17:33:00,61610.0,61767.5,61266.0,61442.7,2141.601,131661285.6937
2024-02-29 17:36:00,61442.7,61654.6,61175.7,61290.8,1328.773,81581783.5928
2024-02-29 17:39:00,61290.8,61400.0,60781.2,60977.1,2426.608,148113081.1569
2024-02-29 17:42:00,60977.1,61111.2,60627.3,61056.7,3221.891,196144419.0303
2024-02-29 17:45:00,61056.7,61316.0,60926.3,61070.0,1576.631,96438411.1563
2024-02-29 17:48:00,61070.0,61105.0,60626.0,60987.8,1805.146,109899115.9463
2024-02-29 17:51:00,60987.8,61008.0,60560.0,60889.4,1557.644,94670655.5129
2024-02-29 17:54:00,60889.4,61181.4,60830.8,61150.2,892.592,54454988.9343
2024-02-29 17:57:00,61150.2,61210.7,60982.5,61072.0,800.134,48896332.6746
2024-02-29 18:00:00,61072.0,61284.8,61005.3,61011.9,770.257,47102896.7323
2024-02-29 18:03:00,61011.9,61147.6,60982.5,61130.3,358.537,21890174.7295
2024-02-29 18:06:00,61130.3,61413.5,61116.8,61413.5,870.365,53348556.4302
2024-02-29 18:09:00,61413.5,61590.8,61350.6,61496.6,1479.912,91002088.5628
2024-02-29 18:12:00,61496.6,61608.0,61422.2,61465.6,439.421,27031242.9357
2024-02-29 18:15:00,61465.6,61560.8,61354.8,61382.4,447.548,27507973.8225
2024-02-29 18:18:00,61382.4,61511.7,61280.0,61507.4,432.728,26561845.4519
2024-02-29 18:21:00,61507.4,61507.4,61285.0,61357.9,209.769,12871333.3956
2024-02-29 18:24:00,61357.9,61387.6,61284.4,61284.4,201.647,12369033.8232
2024-02-29 18:27:00,61284.4,61284.4,61022.5,61040.6,1109.68,67845342.2687
2024-02-29 18:30:00,61040.6,61075.3,60882.0,60950.6,766.353,46737192.3987
2024-02-29 18:33:00,60950.6,60950.6,60625.0,60719.7,1210.453,73533193.0861
2024-02-29 18:36:00,60719.7,60921.6,60706.1,60762.4,582.304,35418690.9165
2024-02-29 18:39:00,60762.4,60976.3,60745.0,60800.0,383.66,23355004.7617
2024-02-29 18:42:00,60800.0,60845.9,60685.5,60839.9,356.47,21652708.9397
2024-02-29 18:45:00,60839.9,60870.0,60655.8,60726.2,351.981,21380934.3636
2024-02-29 18:48:00,60726.2,60799.9,60591.9,60608.7,730.045,44302058.7673
2024-02-29 18:51:00,60608.7,60843.0,60460.9,60626.1,1474.157,89388469.6441
2024-02-29 18:54:00,60626.1,60859.1,60599.1,60787.7,474.998,28848866.9777
2024-02-29 18:57:00,60787.7,60970.4,60780.6,60912.8,554.939,33807872.5951
2024-02-29 19:00:00,60912.8,61033.3,60804.2,60823.8,723.09,44068614.226
2024-02-29 19:03:00,60823.8,60864.7,60707.3,60831.3,350.583,21308398.4582
2024-02-29 19:06:00,60831.3,60949.1,60787.7,60852.1,273.187,16631902.7048
2024-02-29 19:09:00,60852.1,60950.0,60835.8,60950.0,224.026,13638511.1123
2024-02-29 19:12:00,60950.0,60997.6,60875.0,60950.0,124.623,7593229.0391
2024-02-29 19:15:00,60950.0,61220.0,60949.9,61190.4,727.128,44434717.996
2024-02-29 19:18:00,61190.4,61329.8,61099.0,61305.3,909.677,55687722.9906
2024-02-29 19:21:00,61305.3,61336.0,61189.1,61264.9,599.844,36749001.5533
2024-02-29 19:24:00,61264.9,61269.6,61071.1,61094.0,317.255,19406705.3738
2024-02-29 19:27:00,61094.0,61250.0,61088.2,61248.4,257.192,15733664.3283
2024-02-29 19:30:00,61248.4,61385.1,61150.1,61376.3,262.911,16112261.1974
2024-02-29 19:33:00,61376.3,61539.9,61344.1,61536.7,537.238,33006521.3925
2024-02-29 19:36:00,61536.7,61536.7,61372.0,61372.0,388.401,23869363.0868
2024-02-29 19:39:00,61372.0,61520.0,61350.5,61429.0,242.152,14882528.2032
2024-02-29 19:42:00,61429.0,61429.1,61343.6,61402.0,197.312,12112640.7045
2024-02-29 19:45:00,61402.0,61431.0,61304.2,61416.6,328.444,20154992.3688
2024-02-29 19:48:00,61416.6,61650.0,61407.1,61645.0,570.462,35116496.0179
2024-02-29 19:51:00,61645.0,61720.0,61549.5,61707.0,895.0,55176557.5376
2024-02-29 19:54:00,61707.0,61730.0,61608.4,61686.1,447.439,27588864.763
2024-02-29 19:57:00,61686.1,61687.1,61581.5,61687.1,261.149,16098177.1125
2024-02-29 20:00:00,61687.1,61758.0,61636.0,61651.7,568.296,35059428.4563
2024-02-29 20:03:00,61651.7,61696.0,61602.5,61670.7,294.24,18135806.8843
2024-02-29 20:06:00,61670.7,61849.9,61670.7,61774.9,654.704,40449950.4693
2024-02-29 20:09:00,61774.9,61995.5,61770.1,61941.6,849.42,52574782.192
2024-02-29 20:12:00,61941.6,62069.0,61941.6,62023.8,643.393,39890449.4038
2024-02-29 20:15:00,62023.8,62062.3,61954.6,62035.8,371.162,23016206.2933
2024-02-29 20:18:00,62035.8,62124.2,61932.3,62032.8,614.654,38132202.8914
2024-02-29 20:21:00,62032.8,62199.8,61992.5,62184.0,640.691,39787004.0779
2024-02-29 20:24:00,62184.0,62299.9,62148.7,62195.1,642.754,39993290.1205
2024-02-29 20:27:00,62195.1,62311.4,62166.6,62193.5,506.875,31550035.4496
2024-02-29 20:30:00,62193.5,62290.0,62154.0,62175.6,490.033,30486199.5354
2024-02-29 20:33:00,62175.6,62180.1,62083.0,62094.5,466.616,28987340.6147
2024-02-29 20:36:00,62094.5,62251.6,62094.5,62208.5,457.667,28463639.1685
2024-02-29 20:39:00,62208.5,62250.0,62061.0,62082.9,457.935,28457710.0243
2024-02-29 20:42:00,62082.9,62093.0,62025.4,62066.9,256.834,15937874.9388
2024-02-29 20:45:00,62066.9,62179.2,62055.1,62154.7,407.291,25302497.1848
2024-02-29 20:48:00,62154.7,62260.0,62091.2,62259.9,341.731,21249733.9848
2024-02-29 20:51:00,62259.9,62270.0,62176.1,62232.4,239.752,14916094.5671
2024-02-29 20:54:00,62232.4,62380.0,62195.4,62198.0,521.368,32474361.2214
2024-02-29 20:57:00,62198.0,62262.6,61971.5,61994.8,1026.16,63760630.4641
2024-02-29 21:00:00,61994.8,62046.6,61803.6,61902.0,973.39,60273855.1812
2024-02-29 21:03:00,61902.0,61913.9,61535.6,61596.9,1816.901,112086301.9561
2024-02-29 21:06:00,61596.9,61718.4,61258.4,61286.6,1369.56,84179218.0094
2024-02-29 21:09:00,61286.6,61380.0,60811.9,60886.8,2260.706,138013146.0602
2024-02-29 21:12:00,60886.8,61239.4,60822.1,61116.2,1745.19,106507718.7686
2024-02-29 21:15:00,61116.2,61394.6,61051.2,61384.1,600.191,36769234.325
2024-02-29 21:18:00,61384.1,61414.7,61300.0,61393.4,336.865,20671653.625
2024-02-29 21:21:00,61393.4,61442.0,60924.6,61029.4,915.697,55980856.4061
2024-02-29 21:24:00,61029.4,61279.4,61024.0,61242.0,336.852,20602307.9197
2024-02-29 21:27:00,61242.0,61314.4,60911.9,60927.0,641.846,39224493.2341
2024-02-29 21:30:00,60927.0,61083.9,60838.4,60966.9,812.11,49519443.5029
2024-02-29 21:33:00,60966.9,60994.7,60650.7,60810.0,1107.064,67313782.5573
2024-02-29 21:36:00,60810.0,60865.9,60600.0,60855.0,1009.197,61267249.8815
2024-02-29 21:39:00,60855.0,61159.0,60855.0,61047.0,677.348,41338096.2319
2024-02-29 21:42:00,61047.0,61249.9,61047.0,61161.1,568.702,34797316.5857
2024-02-29 21:45:00,61161.1,61199.8,60863.3,60961.7,695.154,42402693.9623
2024-02-29 21:48:00,60961.7,61188.0,60931.2,61182.9,375.789,22945358.1215
2024-02-29 21:51:00,61182.9,61308.9,61144.8,61226.3,369.898,22646922.1813
2024-02-29 21:54:00,61226.3,61344.6,61226.3,61310.0,312.661,19164088.9254
2024-02-29 21:57:00,61310.0,61480.2,61267.7,61433.9,616.058,37814717.3429
2024-02-29 22:00:00,61433.9,61538.0,61222.0,61249.9,578.766,35530749.0134
2024-02-29 22:03:00,61249.9,61394.1,61102.6,61376.1,444.012,27191658.3869
2024-02-29 22:06:00,61376.1,61400.0,61265.1,61325.9,178.565,10953818.2514
2024-02-29 22:09:00,61325.9,61388.8,61243.6,61385.2,252.678,15496745.6495
2024-02-29 22:12:00,61385.2,61440.0,61352.9,61362.0,204.841,12577747.6889
2024-02-29 22:15:00,61362.0,61476.3,61230.0,61238.8,278.095,17068371.7716
2024-02-29 22:18:00,61238.8,61261.4,60962.4,61118.2,484.501,29599183.2328
2024-02-29 22:21:00,61118.2,61229.8,61039.8,61223.5,281.63,17223083.0047
2024-02-29 22:24:00,61223.5,61308.9,61184.1,61294.6,259.2,15875266.0961
2024-02-29 22:27:00,61294.6,61294.6,61009.5,61050.0,459.314,28070756.3757
2024-02-29 22:30:00,61050.0,61281.5,61020.3,61281.3,208.985,12780498.8776
2024-02-29 22:33:00,61281.3,61347.5,61202.4,61202.4,184.612,11314773.8572
2024-02-29 22:36:00,61202.4,61228.1,60921.0,60946.0,521.823,31850172.5441
2024-02-29 22:39:00,60946.0,61093.0,60900.0,60965.3,435.079,26532642.7044
2024-02-29 22:42:00,60965.3,60965.3,60715.0,60728.1,492.931,29992842.037
2024-02-29 22:45:00,60728.1,60988.3,60715.0,60974.5,481.374,29275630.6392
2024-02-29 22:48:00,60974.5,61177.9,60965.4,61117.7,316.081,19309729.6386
2024-02-29 22:51:00,61117.7,61312.0,61115.1,61285.7,366.202,22426375.0374
2024-02-29 22:54:00,61285.7,61293.6,61155.0,61221.7,278.622,17060204.8779
2024-02-29 22:57:00,61221.7,61320.0,61158.5,61270.3,215.731,13211609.3994
2024-02-29 23:00:00,61270.3,61350.0,61216.0,61347.8,357.068,21890975.932
2024-02-29 23:03:00,61347.8,61400.0,61297.5,61400.0,277.408,17020437.6699
2024-02-29 23:06:00,61400.0,61414.5,61249.8,61280.5,251.695,15442995.9619
2024-02-29 23:09:00,61280.5,61314.2,61230.7,61275.7,369.075,22614398.8952
2024-02-29 23:12:00,61275.7,61330.0,61252.8,61280.3,137.391,8421952.3978
2024-02-29 23:15:00,61280.3,61382.3,61268.0,61362.7,211.757,12990770.1438
2024-02-29 23:18:00,61362.7,61440.0,61353.7,61424.0,325.626,19995074.7794
2024-02-29 23:21:00,61424.0,61438.7,61406.1,61438.7,96.056,5899844.9992
2024-02-29 23:24:00,61438.7,61525.3,61431.1,61490.4,345.451,21238894.9359
2024-02-29 23:27:00,61490.4,61566.0,61455.0,61500.0,239.192,14714924.0601
2024-02-29 23:30:00,61500.0,61598.1,61500.0,61533.1,280.093,17241467.5474
2024-02-29 23:33:00,61533.1,61541.7,61360.2,61510.0,397.004,24392283.7317
2024-02-29 23:36:00,61510.0,61560.0,61510.0,61539.0,102.254,6292700.2969
2024-02-29 23:39:00,61539.0,61560.7,61483.1,61502.3,174.557,10742531.1424
2024-02-29 23:42:00,61502.3,61502.3,61383.1,61421.0,258.95,15906592.234
2024-02-29 23:45:00,61421.0,61517.5,61388.4,61491.0,155.526,9559624.0456
2024-02-29 23:48:00,61491.0,61491.0,61400.3,61400.4,100.461,6172494.7672
2024-02-29 23:51:00,61400.4,61400.4,61284.9,61299.6,197.499,12114945.9575
2024-02-29 23:54:00,61299.6,61356.7,61292.6,61356.6,131.173,8043352.5887
2024-02-29 23:57:00,61356.6,61356.6,61144.4,61184.1,570.311,34912110.019
2024-03-01 00:00:00,61184.1,61276.5,61175.8,61184.2,477.83,29254339.7023
