date,timestamp,Entry,close,atr,Confirm,Bias,Confirmed_Buy,entry_price,stop_loss,take_profit
2024-01-09,2024-01-09 07:15:00,1,46908.34,157.31705171617364,1,1,1,46908.34,46751.022948283826,47222.974103432345
2024-01-10,2024-01-10 18:30:00,1,46291.2,376.4849038743582,1,1,1,46291.2,45914.71509612564,47044.169807748716
2024-01-11,2024-01-11 09:00:00,1,46276.35,194.46439505592843,1,1,1,46276.35,46081.88560494407,46665.27879011186
2024-01-29,2024-01-29 02:15:00,1,42264.7,121.19563397471906,1,1,1,42264.7,42143.50436602528,42507.091267949436
2024-01-30,2024-01-30 02:00:00,1,43574.4,129.74451193309739,1,1,1,43574.4,43444.65548806691,43833.8890238662
2024-01-31,2024-01-31 14:30:00,1,42852.29,150.97864797539205,1,1,1,42852.29,42701.31135202461,43154.24729595079
2024-02-01,2024-02-01 15:00:00,1,42787.24,138.54145571909916,1,1,1,42787.24,42648.6985442809,43064.3229114382
2024-02-02,2024-02-02 06:00:00,1,43107.76,78.71303976348597,1,1,1,43107.76,43029.04696023652,43265.186079526975
2024-02-03,2024-02-03 00:15:00,1,43356.0,94.40098973942236,1,1,1,43356.0,43261.59901026058,43544.80197947884
2024-02-04,2024-02-04 21:00:00,1,42875.55,94.43704766775295,1,1,1,42875.55,42781.11295233225,43064.42409533551
2024-02-05,2024-02-05 04:00:00,1,42682.85,96.95977964216483,1,1,1,42682.85,42585.89022035783,42876.76955928433
2024-02-06,2024-02-06 13:15:00,1,42950.0,111.91160386772286,1,1,1,42950.0,42838.088396132276,43173.82320773545
2024-02-07,2024-02-07 09:30:00,1,43174.0,69.27866410179179,1,1,1,43174.0,43104.72133589821,43312.557328203584
2024-02-08,2024-02-08 05:30:00,1,44582.2,106.80918798990696,1,1,1,44582.2,44475.39081201009,44795.81837597981
2024-02-09,2024-02-09 05:45:00,1,46267.15,149.4274546909631,1,1,1,46267.15,46117.722545309036,46566.004909381925
2024-02-10,2024-02-10 03:00:00,1,47435.98,131.06017022727008,1,1,1,47435.98,47304.919829772734,47698.10034045454
2024-02-11,2024-02-11 04:00:00,1,48359.9,174.26500592546404,1,1,1,48359.9,48185.634994074535,48708.43001185093
2024-02-12,2024-02-12 07:00:00,1,48195.41,127.34381184763637,1,1,1,48195.41,48068.06618815237,48450.09762369528
2024-02-13,2024-02-13 00:15:00,1,50146.04,187.89994575637917,1,1,1,50146.04,49958.140054243624,50521.83989151276
2024-02-14,2024-02-14 02:30:00,1,49511.86,148.96024863745333,1,1,1,49511.86,49362.89975136255,49809.78049727491
2024-02-15,2024-02-15 00:00:00,1,51870.2,151.81651282749607,1,1,1,51870.2,51718.3834871725,52173.83302565499
2024-02-16,2024-02-16 00:45:00,1,51914.08,173.69752418484921,1,1,1,51914.08,51740.38247581515,52261.4750483697
2024-02-17,2024-02-17 04:15:00,1,51980.0,83.64494069388874,1,1,1,51980.0,51896.35505930611,52147.28988138778
2024-02-18,2024-02-18 05:00:00,1,51602.33,116.57891832906424,1,1,1,51602.33,51485.75108167094,51835.48783665813
2024-02-19,2024-02-19 02:30:00,1,52210.48,136.54911999586588,1,1,1,52210.48,52073.93088000414,52483.57823999174
2024-02-20,2024-02-20 12:00:00,1,52362.31,127.5920211869048,1,1,1,52362.31,52234.717978813096,52617.49404237381
2024-02-21,2024-02-21 23:00:00,1,51624.85,176.44303029325974,1,1,1,51624.85,51448.40696970674,51977.73606058652
2024-02-22,2024-02-22 03:15:00,1,51555.26,152.45485103124247,1,1,1,51555.26,51402.80514896876,51860.169702062485
2024-02-23,2024-02-23 11:00:00,1,51217.23,123.27003280321695,1,1,1,51217.23,51093.95996719679,51463.77006560643
2024-02-24,2024-02-24 05:15:00,1,51032.71,92.46456036294492,1,1,1,51032.71,50940.24543963705,51217.639120725886
2024-02-25,2024-02-25 02:00:00,1,51783.13,93.24663397652978,1,1,1,51783.13,51689.88336602347,51969.62326795306
2024-02-26,2024-02-26 13:00:00,1,51379.99,108.66193382695259,1,1,1,51379.99,51271.328066173046,51597.3138676539
2024-02-27,2024-02-27 02:00:00,1,56355.13,348.285173864875,1,1,1,56355.13,56006.84482613512,57051.70034772975
2024-02-28,2024-02-28 14:00:00,1,60421.09,364.02055987839606,1,1,1,60421.09,60057.0694401216,61149.13111975679
2024-02-29,2024-02-29 02:45:00,1,61740.29,460.33633328367785,1,1,1,61740.29,61279.95366671633,62660.96266656736
2024-03-01,2024-03-01 00:15:00,1,61716.74,453.2644129064982,1,1,1,61716.74,61263.4755870935,62623.26882581299
2024-03-02,2024-03-02 03:30:00,1,62337.08,226.79372166371851,1,1,1,62337.08,62110.28627833628,62790.66744332744
2024-03-03,2024-03-03 04:00:00,1,62002.19,105.61216911119354,1,1,1,62002.19,61896.57783088881,62213.41433822239
2024-03-04,2024-03-04 13:00:00,1,65367.34,292.27879094431063,1,1,1,65367.34,65075.06120905568,65951.89758188862
2024-03-05,2024-03-05 01:15:00,1,68415.79,450.4303848377983,1,1,1,68415.79,67965.35961516219,69316.65076967559
2024-03-06,2024-03-06 06:00:00,1,66305.14,574.7586455095118,1,1,1,66305.14,65730.38135449048,67454.65729101903
2024-03-07,2024-03-07 02:00:00,1,66332.69,386.7668155845418,1,1,1,66332.69,65945.92318441546,67106.22363116908
2024-03-08,2024-03-08 03:00:00,1,67121.11,210.60879654672158,1,1,1,67121.11,66910.50120345328,67542.32759309345
2024-03-09,2024-03-09 03:15:00,1,68224.66,232.77642751678192,1,1,1,68224.66,67991.88357248322,68690.21285503356
2024-03-10,2024-03-10 08:15:00,1,69508.46,169.10830850146883,1,1,1,69508.46,69339.35169149854,69846.67661700294
2024-03-11,2024-03-11 08:00:00,1,71300.0,408.40519787733234,1,1,1,71300.0,70891.59480212266,72116.81039575467
2024-03-12,2024-03-12 07:00:00,1,72171.33,286.3052882752202,1,1,1,72171.33,71885.02471172478,72743.94057655045
2024-03-13,2024-03-13 00:00:00,1,71437.33,378.9750568409939,1,1,1,71437.33,71058.354943159,72195.28011368199
2024-03-14,2024-03-14 03:00:00,1,73160.14,221.94646374995725,1,1,1,73160.14,72938.19353625004,73604.03292749991
2024-03-15,2024-03-15 15:00:00,1,68594.66,590.0265080105781,1,1,1,68594.66,68004.63349198943,69774.71301602115
2024-03-16,2024-03-16 00:00:00,1,69772.0,501.8689594472802,1,1,1,69772.0,69270.13104055272,70775.73791889456
2024-03-17,2024-03-17 09:00:00,1,66666.0,453.5407540459488,1,1,1,66666.0,66212.45924595406,67573.0815080919
2024-03-18,2024-03-18 05:15:00,1,68775.32,347.81616796823664,1,1,1,68775.32,68427.50383203177,69470.95233593648
2024-03-19,2024-03-19 17:00:00,1,65469.98,566.2283648561422,1,1,1,65469.98,64903.75163514386,66602.43672971228
2024-03-20,2024-03-20 08:15:00,1,63001.11,534.2635260724684,1,1,1,63001.11,62466.84647392753,64069.637052144935
2024-03-21,2024-03-21 06:00:00,1,67165.48,410.43697651247874,1,1,1,67165.48,66755.04302348752,67986.35395302495
2024-03-22,2024-03-22 04:45:00,1,66144.85,303.9337014916383,1,1,1,66144.85,65840.91629850837,66752.71740298328
2024-03-23,2024-03-23 01:00:00,1,63798.29,330.37593189078746,1,1,1,63798.29,63467.91406810921,64459.041863781575
2024-03-24,2024-03-24 10:30:00,1,65170.0,251.228182215044,1,1,1,65170.0,64918.77181778495,65672.4563644301
2024-03-25,2024-03-25 04:00:00,1,67229.51,284.2767037352145,1,1,1,67229.51,66945.23329626478,67798.06340747043
2024-03-26,2024-03-26 01:15:00,1,70278.91,334.9501175783765,1,1,1,70278.91,69943.95988242162,70948.81023515675
2024-03-27,2024-03-27 01:00:00,1,70678.05,278.5235976082459,1,1,1,70678.05,70399.52640239176,71235.0971952165
2024-03-28,2024-03-28 00:15:00,1,69821.63,298.45481902853925,1,1,1,69821.63,69523.17518097146,70418.53963805709
2024-03-29,2024-03-29 01:00:00,1,70817.77,177.309791077753,1,1,1,70817.77,70640.46020892225,71172.3895821555
2024-03-30,2024-03-30 01:15:00,1,70089.1,150.466474855632,1,1,1,70089.1,69938.63352514437,70390.03294971127
2024-03-31,2024-03-31 01:45:00,1,70043.54,126.04584321984433,1,1,1,70043.54,69917.49415678014,70295.63168643968
2024-04-01,2024-04-01 13:30:00,1,69965.33,205.45063784033272,1,1,1,69965.33,69759.87936215967,70376.23127568066
2024-04-02,2024-04-02 19:30:00,1,66165.44,380.6510426523883,1,1,1,66165.44,65784.78895734761,66926.74208530478
2024-04-03,2024-04-03 02:00:00,1,65816.01,327.1686282900095,1,1,1,65816.01,65488.84137170998,66470.34725658002
2024-04-04,2024-04-04 08:00:00,1,66350.0,215.20494672807328,1,1,1,66350.0,66134.79505327193,66780.40989345615
2024-04-05,2024-04-05 00:45:00,1,68606.0,300.3773562564381,1,1,1,68606.0,68305.62264374357,69206.75471251288
2024-04-06,2024-04-06 00:15:00,1,67864.39,214.9115372878552,1,1,1,67864.39,67649.47846271214,68294.21307457572
2024-04-07,2024-04-07 02:00:00,1,69479.99,256.9024413019262,1,1,1,69479.99,69223.08755869808,69993.79488260386
2024-04-08,2024-04-08 01:00:00,1,69526.02,208.9990386892818,1,1,1,69526.02,69317.02096131073,69944.01807737857
2024-04-10,2024-04-10 06:15:00,1,69457.42,212.08159617031723,1,1,1,69457.42,69245.33840382968,69881.58319234064
2024-04-11,2024-04-11 07:00:00,1,70890.3,212.9390121915504,1,1,1,70890.3,70677.36098780845,71316.1780243831
2024-04-12,2024-04-12 00:15:00,1,70260.01,214.48616693173793,1,1,1,70260.01,70045.52383306826,70688.98233386347
2024-04-13,2024-04-13 09:45:00,1,67393.85,217.72132411851172,1,1,1,67393.85,67176.1286758815,67829.29264823702
2024-04-14,2024-04-14 05:00:00,1,64388.7,583.1635587020007,1,1,1,64388.7,63805.536441298,65555.027117404
2024-04-15,2024-04-15 07:00:00,1,66308.69,344.40181123514174,1,1,1,66308.69,65964.28818876485,66997.49362247028
2024-04-16,2024-04-16 07:15:00,1,63288.76,343.8261084852201,1,1,1,63288.76,62944.93389151478,63976.41221697044
2024-04-17,2024-04-17 02:00:00,1,64072.39,290.6967664735504,1,1,1,64072.39,63781.69323352645,64653.7835329471
2024-04-18,2024-04-18 01:00:00,1,61587.99,340.09388457160986,1,1,1,61587.99,61247.89611542839,62268.177769143214
2024-04-19,2024-04-19 07:00:00,1,64277.76,620.1210406839524,1,1,1,64277.76,63657.63895931605,65518.00208136791
2024-04-20,2024-04-20 02:30:00,1,63996.0,346.09464578732747,1,1,1,63996.0,63649.90535421267,64688.18929157466
2024-04-21,2024-04-21 01:00:00,1,64899.85,183.4112189816671,1,1,1,64899.85,64716.43878101833,65266.67243796333
2024-04-22,2024-04-22 10:15:00,1,66015.38,194.40992422317635,1,1,1,66015.38,65820.97007577683,66404.19984844635
2024-04-23,2024-04-23 01:00:00,1,67156.31,202.95633287623806,1,1,1,67156.31,66953.35366712375,67562.22266575247
2024-04-24,2024-04-24 01:00:00,1,66714.89,169.48011711724894,1,1,1,66714.89,66545.40988288276,67053.8502342345
2024-04-25,2024-04-25 17:00:00,1,64624.73,332.7576124217777,1,1,1,64624.73,64291.97238757822,65290.24522484356
2024-04-26,2024-04-26 02:15:00,1,64475.0,247.8335684851579,1,1,1,64475.0,64227.166431514845,64970.66713697032
2024-04-27,2024-04-27 13:15:00,1,63111.24,141.12748042823515,1,1,1,63111.24,62970.11251957176,63393.49496085647
2024-04-28,2024-04-28 03:00:00,1,64306.56,159.85271370903587,1,1,1,64306.56,64146.70728629096,64626.26542741807
2024-04-29,2024-04-29 15:00:00,1,62819.98,256.29422352988126,1,1,1,62819.98,62563.68577647012,63332.56844705976
2024-05-01,2024-05-01 18:00:00,1,57861.35,416.9482205039379,1,1,1,57861.35,57444.40177949606,58695.246441007876
2024-05-02,2024-05-02 07:00:00,1,57764.71,246.04841754549435,1,1,1,57764.71,57518.66158245451,58256.80683509099
2024-05-03,2024-05-03 03:15:00,1,59731.1,250.29493220980254,1,1,1,59731.1,59480.8050677902,60231.689864419604
2024-05-04,2024-05-04 05:00:00,1,63172.0,238.0641631451082,1,1,1,63172.0,62933.93583685489,63648.128326290214
2024-05-05,2024-05-05 11:15:00,1,63834.0,169.42725952011133,1,1,1,63834.0,63664.57274047989,64172.85451904022
2024-05-06,2024-05-06 00:00:00,1,64091.34,149.85196257510103,1,1,1,64091.34,63941.4880374249,64391.043925150196
2024-05-07,2024-05-07 01:00:00,1,63695.42,219.05240842059698,1,1,1,63695.42,63476.3675915794,64133.52481684119
2024-05-08,2024-05-08 14:30:00,1,62732.0,280.3217164145659,1,1,1,62732.0,62451.67828358543,63292.64343282913
2024-05-09,2024-05-09 06:00:00,1,61770.01,165.10739957033988,1,1,1,61770.01,61604.90260042966,62100.224799140684
2024-05-10,2024-05-10 02:30:00,1,62997.26,199.83651078542533,1,1,1,62997.26,62797.423489214576,63396.933021570854
2024-05-11,2024-05-11 06:30:00,1,60985.92,121.11981676655147,1,1,1,60985.92,60864.80018323345,61228.1596335331
2024-05-12,2024-05-12 00:15:00,1,61016.97,115.40810334892834,1,1,1,61016.97,60901.561896651074,61247.786206697856
2024-05-13,2024-05-13 00:00:00,1,61580.81,131.3557339216846,1,1,1,61580.81,61449.45426607831,61843.52146784337
2024-05-14,2024-05-14 00:15:00,1,62965.54,148.6521094103523,1,1,1,62965.54,62816.88789058965,63262.844218820705
2024-05-15,2024-05-15 03:00:00,1,61925.1,136.03003351880218,1,1,1,61925.1,61789.0699664812,62197.16006703761
2024-05-16,2024-05-16 08:45:00,1,66297.12,169.80196756349758,1,1,1,66297.12,66127.3180324365,66636.723935127
2024-05-17,2024-05-17 00:45:00,1,65508.69,183.62142032474108,1,1,1,65508.69,65325.06857967526,65875.93284064949
2024-05-18,2024-05-18 02:00:00,1,66962.01,146.66235543410264,1,1,1,66962.01,66815.34764456589,67255.3347108682
2024-05-19,2024-05-19 03:30:00,1,67170.01,99.76133469154824,1,1,1,67170.01,67070.24866530845,67369.53266938309
2024-05-20,2024-05-20 02:00:00,1,66597.51,179.21082996144483,1,1,1,66597.51,66418.29917003855,66955.93165992289
2024-05-21,2024-05-21 00:15:00,1,71447.16,444.41471425309766,1,1,1,71447.16,71002.7452857469,72335.9894285062
2024-05-22,2024-05-22 08:15:00,1,69943.1,185.82766740502885,1,1,1,69943.1,69757.27233259498,70314.75533481006
2024-05-23,2024-05-23 04:30:00,1,69551.99,146.5868395329003,1,1,1,69551.99,69405.4031604671,69845.16367906581
2024-05-24,2024-05-24 03:00:00,1,67974.01,236.5288254853877,1,1,1,67974.01,67737.4811745146,68447.06765097077
2024-05-25,2024-05-25 01:15:00,1,68695.14,131.21154339822348,1,1,1,68695.14,68563.92845660177,68957.56308679645
2024-05-26,2024-05-26 06:00:00,1,69170.01,85.6708864264679,1,1,1,69170.01,69084.33911357353,69341.35177285293
2024-05-27,2024-05-27 08:00:00,1,68755.84,139.8442081529535,1,1,1,68755.84,68615.99579184705,69035.5284163059
2024-05-28,2024-05-28 10:15:00,1,68640.91,227.4885150792385,1,1,1,68640.91,68413.42148492076,69095.88703015848
2024-05-29,2024-05-29 01:30:00,1,68671.97,184.68103451642463,1,1,1,68671.97,68487.28896548357,69041.33206903285
2024-05-30,2024-05-30 04:15:00,1,68226.67,150.5289543218589,1,1,1,68226.67,68076.14104567815,68527.72790864372
2024-05-31,2024-05-31 01:00:00,1,68626.19,169.55898348268806,1,1,1,68626.19,68456.63101651732,68965.30796696538
2024-06-01,2024-06-01 02:30:00,1,67684.01,137.6069575767332,1,1,1,67684.01,67546.40304242326,67959.22391515346
2024-06-02,2024-06-02 00:15:00,1,67796.95,61.31412676004144,1,1,1,67796.95,67735.63587323995,67919.57825352009
2024-06-03,2024-06-03 02:00:00,1,68686.46,178.01676714765708,1,1,1,68686.46,68508.44323285235,69042.49353429532
2024-06-04,2024-06-04 01:30:00,1,69074.0,176.86827727908417,1,1,1,69074.0,68897.13172272092,69427.73655455817
2024-06-05,2024-06-05 01:30:00,1,71003.64,218.06939358192656,1,1,1,71003.64,70785.57060641807,71439.77878716386
2024-06-06,2024-06-06 02:00:00,1,71204.6,165.9274415649961,1,1,1,71204.6,71038.672558435,71536.45488312999
2024-06-07,2024-06-07 05:00:00,1,71207.92,127.87666408360933,1,1,1,71207.92,71080.04333591639,71463.67332816722
2024-06-08,2024-06-08 07:45:00,1,69582.2,82.32565864305181,1,1,1,69582.2,69499.87434135695,69746.8513172861
2024-06-09,2024-06-09 06:15:00,1,69365.4,51.563395009618695,1,1,1,69365.4,69313.83660499037,69468.52679001923
2024-06-10,2024-06-10 01:30:00,1,69675.36,81.71576264891839,1,1,1,69675.36,69593.64423735108,69838.79152529784
2024-06-11,2024-06-11 19:00:00,1,67268.01,289.36705065874395,1,1,1,67268.01,66978.64294934126,67846.74410131748
2024-06-12,2024-06-12 04:15:00,1,67540.01,160.13750482696787,1,1,1,67540.01,67379.87249517303,67860.28500965393
2024-06-14,2024-06-14 02:45:00,1,66952.0,167.73942549280414,1,1,1,66952.0,66784.26057450719,67287.47885098562
2024-06-15,2024-06-15 00:30:00,1,66208.54,191.97002682220935,1,1,1,66208.54,66016.56997317779,66592.48005364441
2024-06-16,2024-06-16 05:00:00,1,66184.01,58.2616458508371,1,1,1,66184.01,66125.74835414915,66300.53329170166
2024-06-17,2024-06-17 05:00:00,1,66508.77,130.80975519370267,1,1,1,66508.77,66377.9602448063,66770.38951038741
2024-06-19,2024-06-19 03:00:00,1,65330.0,237.54422200434186,1,1,1,65330.0,65092.45577799566,65805.08844400868
2024-06-20,2024-06-20 01:00:00,1,65166.01,135.22389069976438,1,1,1,65166.01,65030.786109300236,65436.45778139953
2024-06-21,2024-06-21 14:45:00,1,64222.84,264.3425075201885,1,1,1,64222.84,63958.49749247981,64751.52501504037
2024-06-22,2024-06-22 01:00:00,1,64144.01,130.13797680526986,1,1,1,64144.01,64013.87202319473,64404.28595361054
2024-06-23,2024-06-23 01:30:00,1,64459.06,60.113668865541555,1,1,1,64459.06,64398.94633113446,64579.28733773108
2024-06-25,2024-06-25 13:15:00,1,61253.87,190.8317336627133,1,1,1,61253.87,61063.03826633729,61635.533467325426
2024-06-26,2024-06-26 02:00:00,1,62344.49,186.40509067331323,1,1,1,62344.49,62158.08490932669,62717.300181346625
2024-06-27,2024-06-27 01:30:00,1,61118.0,157.58287463121806,1,1,1,61118.0,60960.41712536878,61433.165749262436
2024-06-28,2024-06-28 01:15:00,1,61940.01,146.4597132293808,1,1,1,61940.01,61793.550286770624,62232.929426458766
2024-06-29,2024-06-29 01:00:00,1,60934.69,149.96071067499983,1,1,1,60934.69,60784.729289325005,61234.611421350004
2024-06-30,2024-06-30 13:15:00,1,61635.0,117.24332179992288,1,1,1,61635.0,61517.75667820008,61869.48664359985
2024-07-01,2024-07-01 16:00:00,1,63282.0,198.3929297351986,1,1,1,63282.0,63083.6070702648,63678.785859470394
2024-07-02,2024-07-02 03:15:00,1,63168.0,128.8136418147266,1,1,1,63168.0,63039.186358185274,63425.62728362945
2024-07-03,2024-07-03 00:15:00,1,62248.0,108.1624197927937,1,1,1,62248.0,62139.837580207204,62464.324839585584
2024-07-04,2024-07-04 16:45:00,1,58304.59,367.04243791869237,1,1,1,58304.59,57937.5475620813,59038.67487583738
2024-07-05,2024-07-05 11:45:00,1,55486.5,392.8258593335704,1,1,1,55486.5,55093.67414066643,56272.15171866714
2024-07-06,2024-07-06 06:15:00,1,56530.0,177.9201725596288,1,1,1,56530.0,56352.07982744037,56885.84034511926
2024-07-07,2024-07-07 02:15:00,1,58209.99,190.19072532209353,1,1,1,58209.99,58019.799274677905,58590.37145064418
2024-07-08,2024-07-08 09:00:00,1,57689.83,393.9782505656036,1,1,1,57689.83,57295.8517494344,58477.78650113121
2024-07-09,2024-07-09 01:00:00,1,57079.53,294.6137209358002,1,1,1,57079.53,56784.9162790642,57668.757441871596
2024-07-10,2024-07-10 05:00:00,1,59182.0,296.07093442289454,1,1,1,59182.0,58885.929065577104,59774.14186884579
2024-07-11,2024-07-11 07:15:00,1,58195.98,201.70879488214536,1,1,1,58195.98,57994.27120511786,58599.397589764296
2024-07-12,2024-07-12 06:15:00,1,57326.0,196.08504666338848,1,1,1,57326.0,57129.914953336614,57718.17009332678
2024-07-13,2024-07-13 00:00:00,1,57875.36,155.09666918746865,1,1,1,57875.36,57720.26333081253,58185.553338374935
2024-07-14,2024-07-14 01:00:00,1,59612.18,249.47544409767482,1,1,1,59612.18,59362.704555902325,60111.13088819535
2024-07-15,2024-07-15 01:00:00,1,61474.0,252.20806236332962,1,1,1,61474.0,61221.79193763667,61978.41612472666
2024-07-16,2024-07-16 00:00:00,1,64686.67,320.4526042659045,1,1,1,64686.67,64366.21739573409,65327.57520853181
2024-07-17,2024-07-17 01:00:00,1,65794.01,296.3944644552366,1,1,1,65794.01,65497.615535544755,66386.79892891047
2024-07-18,2024-07-18 01:15:00,1,64636.01,219.49764948945335,1,1,1,64636.01,64416.51235051055,65075.00529897891
2024-07-19,2024-07-19 02:00:00,1,63915.05,182.58911209748365,1,1,1,63915.05,63732.46088790252,64280.22822419497
2024-07-20,2024-07-20 03:00:00,1,66671.99,192.55504958745345,1,1,1,66671.99,66479.43495041256,67057.10009917492
2024-07-21,2024-07-21 01:15:00,1,67186.0,154.7047578149662,1,1,1,67186.0,67031.29524218504,67495.40951562993
2024-07-22,2024-07-22 00:30:00,1,68349.99,255.08790237723247,1,1,1,68349.99,68094.90209762278,68860.16580475448
2024-07-23,2024-07-23 02:30:00,1,67651.51,218.90209131073752,1,1,1,67651.51,67432.60790868926,68089.31418262147
2024-07-24,2024-07-24 03:30:00,1,66107.17,192.3228664266819,1,1,1,66107.17,65914.84713357332,66491.81573285336
2024-07-25,2024-07-25 15:00:00,1,64890.01,312.13472135951076,1,1,1,64890.01,64577.875278640495,65514.279442719024
2024-07-26,2024-07-26 01:00:00,1,66420.0,253.293540166363,1,1,1,66420.0,66166.70645983364,66926.58708033273
2024-07-27,2024-07-27 02:30:00,1,67887.52,135.83737100934357,1,1,1,67887.52,67751.68262899066,68159.19474201869
2024-07-28,2024-07-28 12:15:00,1,67858.0,157.7288224993186,1,1,1,67858.0,67700.27117750068,68173.45764499863
2024-07-29,2024-07-29 03:00:00,1,69504.0,241.1123181775725,1,1,1,69504.0,69262.88768182242,69986.22463635514
2024-07-30,2024-07-30 07:30:00,1,66987.98,189.84700609652296,1,1,1,66987.98,66798.13299390348,67367.67401219305
2024-07-31,2024-07-31 06:00:00,1,66459.15,225.58415173009172,1,1,1,66459.15,66233.56584826991,66910.31830346018
2024-08-01,2024-08-01 09:00:00,1,64650.01,195.10003167584105,1,1,1,64650.01,64454.90996832416,65040.21006335168
2024-08-02,2024-08-02 04:00:00,1,64580.02,298.625331817971,1,1,1,64580.02,64281.39466818202,65177.270663635936
2024-08-03,2024-08-03 11:00:00,1,61890.0,160.27323625138746,1,1,1,61890.0,61729.726763748615,62210.54647250278
2024-08-04,2024-08-04 02:00:00,1,60871.9,250.8579113222757,1,1,1,60871.9,60621.04208867773,61373.615822644555
2024-08-05,2024-08-05 15:15:00,1,54284.71,1115.8502788008434,1,1,1,54284.71,53168.85972119916,56516.41055760169
2024-08-06,2024-08-06 01:00:00,1,56072.0,595.5902778152738,1,1,1,56072.0,55476.409722184726,57263.18055563055
2024-08-07,2024-08-07 02:30:00,1,56694.0,445.75204953058835,1,1,1,56694.0,56248.24795046941,57585.504099061174
2024-08-08,2024-08-08 02:15:00,1,57620.74,481.0520576675195,1,1,1,57620.74,57139.68794233248,58582.844115335036
2024-08-09,2024-08-09 07:15:00,1,61094.0,267.895607570707,1,1,1,61094.0,60826.10439242929,61629.79121514141
2024-08-10,2024-08-10 00:15:00,1,60976.0,364.1264728550376,1,1,1,60976.0,60611.87352714496,61704.252945710075
2024-08-11,2024-08-11 03:00:00,1,61141.02,120.61781384450059,1,1,1,61141.02,61020.402186155494,61382.255627688995
2024-08-13,2024-08-13 00:15:00,1,59654.51,335.5016820332892,1,1,1,59654.51,59319.00831796671,60325.51336406658
2024-08-14,2024-08-14 00:00:00,1,60626.63,242.92945527263007,1,1,1,60626.63,60383.70054472737,61112.48891054526
2024-08-15,2024-08-15 12:15:00,1,58700.21,198.08750625677504,1,1,1,58700.21,58502.12249374323,59096.38501251355
2024-08-16,2024-08-16 05:00:00,1,58213.11,261.17756276364827,1,1,1,58213.11,57951.932437236355,58735.4651255273
2024-08-17,2024-08-17 01:30:00,1,59384.97,209.01599098616242,1,1,1,59384.97,59175.95400901384,59803.001981972324
2024-08-18,2024-08-18 00:00:00,1,59448.0,98.58724887629421,1,1,1,59448.0,59349.41275112371,59645.17449775259
2024-08-19,2024-08-19 15:00:00,1,58587.99,250.00530692312205,1,1,1,58587.99,58337.984693076876,59088.00061384624
2024-08-20,2024-08-20 01:00:00,1,60507.99,293.55119849324547,1,1,1,60507.99,60214.43880150675,61095.09239698649
2024-08-21,2024-08-21 11:00:00,1,59466.73,165.73720267624284,1,1,1,59466.73,59300.99279732376,59798.20440535249
2024-08-22,2024-08-22 04:30:00,1,60723.71,229.2543909430092,1,1,1,60723.71,60494.45560905699,61182.21878188602
2024-08-23,2024-08-23 06:00:00,1,60946.66,137.1393053025888,1,1,1,60946.66,60809.520694697414,61220.93861060518
2024-08-24,2024-08-24 05:15:00,1,63993.44,166.9028177269574,1,1,1,63993.44,63826.537182273045,64327.24563545392
2024-08-25,2024-08-25 00:00:00,1,64276.0,195.9787125900312,1,1,1,64276.0,64080.02128740997,64667.957425180066
2024-08-26,2024-08-26 10:00:00,1,63954.99,191.0244580668848,1,1,1,63954.99,63763.96554193311,64337.038916133766
2024-08-28,2024-08-28 10:00:00,1,59985.0,273.69925892372027,1,1,1,59985.0,59711.30074107628,60532.39851784744
2024-08-29,2024-08-29 09:15:00,1,59749.99,154.52146865126386,1,1,1,59749.99,59595.468531348735,60059.03293730252
2024-08-30,2024-08-30 07:00:00,1,59423.0,185.55210612356504,1,1,1,59423.0,59237.44789387644,59794.10421224713
2024-08-31,2024-08-31 04:15:00,1,59277.01,105.00120311520118,1,1,1,59277.01,59172.0087968848,59487.0124062304
2024-09-01,2024-09-01 15:45:00,1,58217.0,268.0342071326624,1,1,1,58217.0,57948.96579286734,58753.068414265326
2024-09-02,2024-09-02 05:30:00,1,57816.0,208.0978641793428,1,1,1,57816.0,57607.90213582066,58232.19572835869
2024-09-03,2024-09-03 02:00:00,1,59764.0,181.28695807661657,1,1,1,59764.0,59582.71304192338,60126.57391615323
2024-09-04,2024-09-04 16:00:00,1,58156.0,295.6112052466099,1,1,1,58156.0,57860.38879475339,58747.22241049322
2024-09-05,2024-09-05 00:15:00,1,58250.0,190.47548963579592,1,1,1,58250.0,58059.5245103642,58630.95097927159
2024-09-06,2024-09-06 02:00:00,1,56770.99,227.8311934551253,1,1,1,56770.99,56543.158806544874,57226.652386910246
2024-09-07,2024-09-07 05:00:00,1,54290.0,154.8268713216669,1,1,1,54290.0,54135.17312867833,54599.653742643335
2024-09-08,2024-09-08 02:00:00,1,54370.01,129.97086569672567,1,1,1,54370.01,54240.039134303275,54629.951731393456
2024-09-09,2024-09-09 00:15:00,1,55020.01,261.45619377654714,1,1,1,55020.01,54758.553806223455,55542.922387553095
2024-09-10,2024-09-10 08:00:00,1,57306.0,166.8765695064751,1,1,1,57306.0,57139.12343049353,57639.75313901295
2024-09-11,2024-09-11 11:30:00,1,56776.07,186.00042743037824,1,1,1,56776.07,56590.06957256962,57148.07085486076
2024-09-12,2024-09-12 01:15:00,1,57773.99,198.44705747714735,1,1,1,57773.99,57575.54294252285,58170.88411495429
2024-09-13,2024-09-13 07:30:00,1,57987.59,115.486038772687,1,1,1,57987.59,57872.10396122731,58218.56207754537
2024-09-14,2024-09-14 16:00:00,1,59921.99,100.82646349182876,1,1,1,59921.99,59821.16353650817,60123.64292698366
2024-09-15,2024-09-15 00:15:00,1,60069.99,84.862395652412,1,1,1,60069.99,59985.12760434759,60239.714791304825
2024-09-16,2024-09-16 08:15:00,1,59080.0,163.89873990218453,1,1,1,59080.0,58916.101260097814,59407.79747980437
2024-09-17,2024-09-17 07:30:00,1,58673.13,141.92350075478095,1,1,1,58673.13,58531.206499245214,58956.97700150956
2024-09-18,2024-09-18 03:00:00,1,60586.0,207.71544393508563,1,1,1,60586.0,60378.284556064915,61001.43088787017
2024-09-19,2024-09-19 00:00:00,1,62043.99,342.5112747542972,1,1,1,62043.99,61701.4787252457,62729.012549508596
2024-09-20,2024-09-20 04:00:00,1,63948.02,221.80759893565528,1,1,1,63948.02,63726.21240106434,64391.63519787131
2024-09-21,2024-09-21 07:45:00,1,63091.02,95.96175251079792,1,1,1,63091.02,62995.0582474892,63282.94350502159
2024-09-22,2024-09-22 03:00:00,1,63181.78,121.91417192601772,1,1,1,63181.78,63059.865828073984,63425.608343852036
2024-09-23,2024-09-23 01:00:00,1,63749.01,323.76519996474235,1,1,1,63749.01,63425.24480003526,64396.54039992949
2024-09-24,2024-09-24 08:00:00,1,63614.66,139.4832943414548,1,1,1,63614.66,63475.17670565855,63893.62658868291
2024-09-25,2024-09-25 01:15:00,1,64389.19,223.03097317350554,1,1,1,64389.19,64166.1590268265,64835.251946347016
2024-09-26,2024-09-26 03:45:00,1,63514.34,165.3297936345592,1,1,1,63514.34,63349.010206365434,63844.999587269114
2024-09-27,2024-09-27 00:15:00,1,65155.99,204.96021795997194,1,1,1,65155.99,64951.02978204002,65565.91043591994
2024-09-28,2024-09-28 02:00:00,1,65952.0,117.52474249537417,1,1,1,65952.0,65834.47525750463,66187.04948499076
2024-09-29,2024-09-29 00:15:00,1,65897.99,95.11982966463718,1,1,1,65897.99,65802.87017033537,66088.22965932928
2024-10-01,2024-10-01 04:30:00,1,63807.99,179.47645869074591,1,1,1,63807.99,63628.51354130925,64166.94291738149
2024-10-02,2024-10-02 03:00:00,1,61769.99,236.85449562655904,1,1,1,61769.99,61533.13550437344,62243.69899125311
2024-10-03,2024-10-03 01:00:00,1,61106.01,259.7209741995135,1,1,1,61106.01,60846.28902580049,61625.45194839903
2024-10-04,2024-10-04 02:00:00,1,61110.41,218.86603852904312,1,1,1,61110.41,60891.54396147096,61548.14207705809
2024-10-05,2024-10-05 00:30:00,1,62130.01,133.46560959118025,1,1,1,62130.01,61996.544390408824,62396.941219182365
2024-10-06,2024-10-06 01:15:00,1,62116.01,87.6384754519421,1,1,1,62116.01,62028.37152454806,62291.28695090389
2024-10-07,2024-10-07 01:00:00,1,63882.7,221.84621581745594,1,1,1,63882.7,63660.85378418254,64326.39243163491
2024-10-08,2024-10-08 11:45:00,1,62624.01,138.63938804524057,1,1,1,62624.01,62485.370611954764,62901.288776090485
2024-10-09,2024-10-09 01:15:00,1,62371.99,162.70016970219172,1,1,1,62371.99,62209.28983029781,62697.39033940438
2024-10-10,2024-10-10 06:15:00,1,61060.0,113.21761867090278,1,1,1,61060.0,60946.782381329096,61286.43523734181
2024-10-11,2024-10-11 00:00:00,1,60340.02,187.0699107179099,1,1,1,60340.02,60152.95008928209,60714.15982143582
2024-10-12,2024-10-12 01:00:00,1,62815.99,193.32237946946353,1,1,1,62815.99,62622.667620530534,63202.634758938926
2024-10-13,2024-10-13 17:00:00,1,62811.37,146.59577517239703,1,1,1,62811.37,62664.774224827604,63104.5615503448
2024-10-14,2024-10-14 04:00:00,1,64218.04,257.4896115027138,1,1,1,64218.04,63960.550388497286,64733.01922300543
2024-10-15,2024-10-15 08:15:00,1,65788.01,159.14329094221353,1,1,1,65788.01,65628.86670905778,66106.29658188442
2024-10-16,2024-10-16 02:00:00,1,67480.0,281.0117016875999,1,1,1,67480.0,67198.9882983124,68042.0234033752
2024-10-17,2024-10-17 15:15:00,1,67280.0,250.39954812097017,1,1,1,67280.0,67029.60045187903,67780.79909624194
2024-10-18,2024-10-18 06:00:00,1,68063.66,174.32917291726,1,1,1,68063.66,67889.33082708274,68412.31834583453
2024-10-19,2024-10-19 02:15:00,1,68445.42,120.4912982870605,1,1,1,68445.42,68324.92870171294,68686.40259657412
2024-10-20,2024-10-20 04:15:00,1,68289.2,62.575018349471236,1,1,1,68289.2,68226.62498165053,68414.35003669895
2024-10-21,2024-10-21 00:15:00,1,69393.89,168.42439954003274,1,1,1,69393.89,69225.46560045997,69730.73879908006
2024-10-22,2024-10-22 02:00:00,1,67630.58,208.89479165951062,1,1,1,67630.58,67421.6852083405,68048.36958331903
2024-10-23,2024-10-23 13:45:00,1,66800.0,196.27064584354397,1,1,1,66800.0,66603.72935415646,67192.54129168708
2024-10-24,2024-10-24 01:00:00,1,67548.02,227.65632275611074,1,1,1,67548.02,67320.36367724389,68003.33264551223
2024-10-25,2024-10-25 03:00:00,1,68152.98,149.43417829736077,1,1,1,68152.98,68003.54582170263,68451.84835659472
2024-10-26,2024-10-26 09:15:00,1,67218.69,124.22998580005007,1,1,1,67218.69,67094.46001419995,67467.1499716001
2024-10-27,2024-10-27 07:00:00,1,67221.2,61.345357606925674,1,1,1,67221.2,67159.85464239307,67343.89071521384
2024-10-28,2024-10-28 03:00:00,1,67924.31,126.87183201717643,1,1,1,67924.31,67797.43816798282,68178.05366403435
2024-10-29,2024-10-29 06:45:00,1,71248.45,208.75585741465167,1,1,1,71248.45,71039.69414258534,71665.9617148293
2024-10-30,2024-10-30 02:00:00,1,72554.88,257.2669649883246,1,1,1,72554.88,72297.61303501169,73069.41392997665
2024-10-31,2024-10-31 02:30:00,1,72424.0,212.83471460854327,1,1,1,72424.0,72211.16528539146,72849.66942921709
2024-11-01,2024-11-01 11:00:00,1,70176.0,209.3448015209747,1,1,1,70176.0,69966.65519847903,70594.68960304194
2024-11-02,2024-11-02 00:45:00,1,69665.99,216.90200246118843,1,1,1,69665.99,69449.08799753882,70099.79400492238
2024-11-03,2024-11-03 16:00:00,1,68454.55,267.1997292967304,1,1,1,68454.55,68187.35027070327,68988.94945859346
2024-11-04,2024-11-04 02:00:00,1,68891.99,257.75754392812047,1,1,1,68891.99,68634.23245607188,69407.50508785625
2024-11-05,2024-11-05 00:15:00,1,68000.0,286.8067791409895,1,1,1,68000.0,67713.19322085902,68573.61355828198
2024-11-06,2024-11-06 09:00:00,1,73763.92,629.0069216228518,1,1,1,73763.92,73134.91307837714,75021.9338432457
2024-11-07,2024-11-07 01:15:00,1,75536.0,295.11183932859706,1,1,1,75536.0,75240.8881606714,76126.22367865719
2024-11-08,2024-11-08 00:00:00,1,75983.99,281.962349661847,1,1,1,75983.99,75702.02765033816,76547.9146993237
2024-11-09,2024-11-09 00:15:00,1,76530.0,199.97809470644458,1,1,1,76530.0,76330.02190529356,76929.95618941289
2024-11-10,2024-11-10 00:45:00,1,76884.01,187.8388384793964,1,1,1,76884.01,76696.1711615206,77259.68767695878
2024-11-11,2024-11-11 00:15:00,1,80722.0,476.7242122456219,1,1,1,80722.0,80245.27578775438,81675.44842449125
2024-11-12,2024-11-12 01:00:00,1,89225.85,831.1187279226496,1,1,1,89225.85,88394.73127207736,90888.0874558453
2024-11-13,2024-11-13 01:45:00,1,88253.53,569.7131797573007,1,1,1,88253.53,87683.8168202427,89392.9563595146
2024-11-14,2024-11-14 02:00:00,1,90123.95,646.5902434334732,1,1,1,90123.95,89477.35975656653,91417.13048686694
2024-11-15,2024-11-15 07:15:00,1,88246.11,392.53947203000536,1,1,1,88246.11,87853.57052796999,89031.18894406
2024-11-16,2024-11-16 01:00:00,1,91283.49,407.14830997438855,1,1,1,91283.49,90876.34169002561,92097.78661994878
2024-11-17,2024-11-17 05:00:00,1,90776.0,311.03097435898206,1,1,1,90776.0,90464.96902564102,91398.06194871796
2024-11-18,2024-11-18 05:15:00,1,90809.35,243.96375968130914,1,1,1,90809.35,90565.3862403187,91297.27751936263
2024-11-19,2024-11-19 00:45:00,1,91042.94,465.1441892629999,1,1,1,91042.94,90577.795810737,91973.22837852601
2024-11-20,2024-11-20 04:15:00,1,92149.91,319.85630815784583,1,1,1,92149.91,91830.05369184216,92789.6226163157
2024-11-21,2024-11-21 01:15:00,1,94900.0,349.4352441980095,1,1,1,94900.0,94550.56475580198,95598.87048839602
2024-11-22,2024-11-22 03:00:00,1,98913.57,374.2915308609357,1,1,1,98913.57,98539.27846913907,99662.15306172188
2024-11-23,2024-11-23 03:15:00,1,98776.0,254.27291900311192,1,1,1,98776.0,98521.72708099689,99284.54583800622
2024-11-24,2024-11-24 02:00:00,1,98476.72,245.51074100081246,1,1,1,98476.72,98231.2092589992,98967.74148200163
2024-11-25,2024-11-25 03:15:00,1,97626.17,322.93718243538206,1,1,1,97626.17,97303.23281756461,98272.04436487076
2024-11-26,2024-11-26 06:15:00,1,94896.0,367.4269553997474,1,1,1,94896.0,94528.57304460026,95630.85391079949
2024-11-27,2024-11-27 01:30:00,1,92559.2,442.5949486801076,1,1,1,92559.2,92116.60505131989,93444.38989736022
2024-11-28,2024-11-28 14:00:00,1,95925.65,357.3953541598212,1,1,1,95925.65,95568.25464584018,96640.44070831964
2024-11-29,2024-11-29 12:00:00,1,97400.01,250.25655370145722,1,1,1,97400.01,97149.75344629853,97900.52310740291
2024-11-30,2024-11-30 05:45:00,1,97102.32,185.72982243228165,1,1,1,97102.32,96916.59017756772,97473.77964486457
2024-12-01,2024-12-01 04:45:00,1,96515.52,215.42236231318228,1,1,1,96515.52,96300.09763768682,96946.36472462637
2024-12-02,2024-12-02 01:00:00,1,97563.99,244.7441453673021,1,1,1,97563.99,97319.2458546327,98053.47829073461
2024-12-03,2024-12-03 00:00:00,1,95966.32,345.27420307471647,1,1,1,95966.32,95621.04579692529,96656.86840614944
2024-12-04,2024-12-04 06:15:00,1,96673.33,274.27120189322187,1,1,1,96673.33,96399.05879810678,97221.87240378644
2024-12-05,2024-12-05 09:00:00,1,103056.01,559.4610245646195,1,1,1,103056.01,102496.54897543538,104174.93204912923
2024-12-06,2024-12-06 08:15:00,1,98604.0,404.1613218816505,1,1,1,98604.0,98199.83867811835,99412.3226437633
2024-12-07,2024-12-07 09:15:00,1,99802.65,262.4354301350107,1,1,1,99802.65,99540.21456986498,100327.52086027001
2024-12-08,2024-12-08 01:00:00,1,100004.0,222.7634928003577,1,1,1,100004.0,99781.23650719965,100449.52698560072
2024-12-09,2024-12-09 14:15:00,1,99051.99,387.0671441585465,1,1,1,99051.99,98664.92285584146,99826.12428831709
2024-12-10,2024-12-10 00:30:00,1,97887.35,652.1323348536041,1,1,1,97887.35,97235.2176651464,99191.61466970721
2024-12-11,2024-12-11 03:00:00,1,97299.07,544.5136198022832,1,1,1,97299.07,96754.55638019773,98388.09723960457
2024-12-12,2024-12-12 02:30:00,1,100850.01,284.6168889499086,1,1,1,100850.01,100565.39311105009,101419.24377789981
2024-12-13,2024-12-13 08:15:00,1,100294.5,256.29019542364216,1,1,1,100294.5,100038.20980457636,100807.08039084729
2024-12-14,2024-12-14 03:30:00,1,102275.25,307.9872228291896,1,1,1,102275.25,101967.2627771708,102891.22444565837
2024-12-15,2024-12-15 00:15:00,1,101530.24,192.46872104056752,1,1,1,101530.24,101337.77127895944,101915.17744208114
2024-12-16,2024-12-16 00:15:00,1,105246.7,446.87835513725287,1,1,1,105246.7,104799.82164486275,106140.4567102745
2024-12-17,2024-12-17 00:15:00,1,106135.99,385.2754196455433,1,1,1,106135.99,105750.71458035446,106906.54083929109
2024-12-18,2024-12-18 12:00:00,1,105310.33,315.13624363873663,1,1,1,105310.33,104995.19375636126,105940.60248727747
2024-12-19,2024-12-19 07:15:00,1,101548.54,412.6410049551485,1,1,1,101548.54,101135.89899504484,102373.82200991029
2024-12-20,2024-12-20 07:00:00,1,98039.82,584.0800318438273,1,1,1,98039.82,97455.73996815618,99207.98006368766
2024-12-21,2024-12-21 06:00:00,1,98802.05,315.420581066504,1,1,1,98802.05,98486.6294189335,99432.891162133
2024-12-22,2024-12-22 10:15:00,1,97142.13,305.1257140947199,1,1,1,97142.13,96837.00428590529,97752.38142818944
2024-12-23,2024-12-23 04:00:00,1,96350.06,511.8970008383794,1,1,1,96350.06,95838.16299916162,97373.85400167675
2024-12-24,2024-12-24 03:30:00,1,94325.02,390.52084213697236,1,1,1,94325.02,93934.49915786303,95106.06168427395
2024-12-25,2024-12-25 05:15:00,1,98251.28,252.4873619204624,1,1,1,98251.28,97998.79263807954,98756.25472384092
2024-12-26,2024-12-26 00:00:00,1,99718.03,346.5260867084284,1,1,1,99718.03,99371.50391329157,100411.08217341686
2024-12-27,2024-12-27 01:30:00,1,96193.35,333.85012099927746,1,1,1,96193.35,95859.49987900072,96861.05024199856
2024-12-28,2024-12-28 05:15:00,1,94685.6,183.39366979663575,1,1,1,94685.6,94502.20633020336,95052.38733959328
2024-12-29,2024-12-29 02:15:00,1,95119.95,190.86131158270783,1,1,1,95119.95,94929.0886884173,95501.67262316542
2024-12-30,2024-12-30 03:00:00,1,94014.73,325.4650041214233,1,1,1,94014.73,93689.26499587858,94665.66000824285
2025-01-01,2025-01-01 00:45:00,1,94401.14,331.10921398760104,1,1,1,94401.14,94070.0307860124,95063.3584279752
2025-01-02,2025-01-02 01:00:00,1,95337.0,294.4042843361271,1,1,1,95337.0,95042.59571566388,95925.80856867225
2025-01-03,2025-01-03 02:00:00,1,97100.0,256.754955548919,1,1,1,97100.0,96843.24504445108,97613.50991109783
2025-01-04,2025-01-04 02:30:00,1,98141.1,183.46072726077287,1,1,1,98141.1,97957.63927273924,98508.02145452156
2025-01-05,2025-01-05 15:30:00,1,98090.37,196.19249422556828,1,1,1,98090.37,97894.17750577442,98482.75498845114
2025-01-06,2025-01-06 02:00:00,1,99028.96,275.86175463460415,1,1,1,99028.96,98753.0982453654,99580.68350926922
2025-01-07,2025-01-07 04:00:00,1,101854.86,225.2808120643149,1,1,1,101854.86,101629.57918793568,102305.42162412863
2025-01-08,2025-01-08 23:00:00,1,95012.0,499.8563857079892,1,1,1,95012.0,94512.14361429201,96011.71277141597
2025-01-09,2025-01-09 16:00:00,1,94406.29,490.29493098751044,1,1,1,94406.29,93915.99506901248,95386.87986197502
2025-01-10,2025-01-10 03:00:00,1,93432.74,370.30356741341467,1,1,1,93432.74,93062.43643258659,94173.34713482684
2025-01-11,2025-01-11 11:00:00,1,94503.15,143.58598944271088,1,1,1,94503.15,94359.56401055728,94790.32197888542
2025-01-12,2025-01-12 02:30:00,1,94589.09,136.2175212949737,1,1,1,94589.09,94452.87247870502,94861.52504258994
2025-01-13,2025-01-13 00:00:00,1,94566.13,208.40789033066673,1,1,1,94566.13,94357.72210966934,94982.94578066134
2025-01-14,2025-01-14 01:15:00,1,94928.5,419.1303735392368,1,1,1,94928.5,94509.36962646076,95766.76074707847
2025-01-15,2025-01-15 01:00:00,1,97006.89,323.1727532499959,1,1,1,97006.89,96683.71724675,97653.23550649999
2025-01-16,2025-01-16 00:00:00,1,100299.13,342.38470776942467,1,1,1,100299.13,99956.74529223058,100983.89941553885
2025-01-17,2025-01-17 00:15:00,1,100156.0,350.9609832662257,1,1,1,100156.0,99805.03901673378,100857.92196653245
2025-01-18,2025-01-18 00:45:00,1,104656.87,323.10171851960774,1,1,1,104656.87,104333.76828148038,105303.07343703922
2025-01-19,2025-01-19 02:00:00,1,104841.99,264.7454447791326,1,1,1,104841.99,104577.24455522087,105371.48088955827
2025-01-20,2025-01-20 14:45:00,1,107866.65,781.7418157702225,1,1,1,107866.65,107084.90818422977,109430.13363154043
2025-01-21,2025-01-21 13:15:00,1,104646.35,468.3569195320432,1,1,1,104646.35,104177.99308046796,105583.0638390641
2025-01-22,2025-01-22 12:00:00,1,105473.91,313.0216822767531,1,1,1,105473.91,105160.88831772325,106099.95336455351
2025-01-23,2025-01-23 14:30:00,1,104940.95,555.6741839566971,1,1,1,104940.95,104385.2758160433,106052.29836791339
2025-01-24,2025-01-24 05:00:00,1,104861.72,536.3296684641897,1,1,1,104861.72,104325.39033153582,105934.37933692838
2025-01-25,2025-01-25 11:45:00,1,104670.99,179.17091957164934,1,1,1,104670.99,104491.81908042835,105029.3318391433
2025-01-26,2025-01-26 04:15:00,1,105380.0,183.40364756453008,1,1,1,105380.0,105196.59635243547,105746.80729512907
2025-01-27,2025-01-27 13:00:00,1,101628.22,632.3843173762468,1,1,1,101628.22,100995.83568262376,102892.98863475249
2025-01-28,2025-01-28 00:00:00,1,102458.67,544.3131723280491,1,1,1,102458.67,101914.35682767195,103547.29634465609
2025-01-29,2025-01-29 01:45:00,1,101845.02,371.1964002025671,1,1,1,101845.02,101473.82359979744,102587.41280040515
2025-01-30,2025-01-30 01:00:00,1,104162.15,474.7482310107372,1,1,1,104162.15,103687.40176898925,105111.64646202147
2025-01-31,2025-01-31 12:15:00,1,104705.89,226.08569550144355,1,1,1,104705.89,104479.80430449855,105158.06139100289
2025-02-01,2025-02-01 12:45:00,1,102277.71,178.92473358105104,1,1,1,102277.71,102098.78526641896,102635.55946716211
2025-02-03,2025-02-03 08:15:00,1,95390.39,716.2688556703288,1,1,1,95390.39,94674.12114432966,96822.92771134066
2025-02-04,2025-02-04 12:15:00,1,99279.99,401.70845978589267,1,1,1,99279.99,98878.28154021411,100083.40691957179
2025-02-05,2025-02-05 10:30:00,1,97979.06,315.7556799898406,1,1,1,97979.06,97663.30432001015,98610.57135997967
2025-02-06,2025-02-06 02:00:00,1,97397.99,391.83031049298387,1,1,1,97397.99,97006.15968950703,98181.65062098598
2025-02-07,2025-02-07 03:00:00,1,97578.88,383.4670365784938,1,1,1,97578.88,97195.4129634215,98345.81407315699
2025-02-08,2025-02-08 03:00:00,1,96852.01,294.79786982735067,1,1,1,96852.01,96557.21213017264,97441.6057396547
