timestamp,Long_Signal
2023-07-19 00:00:00,True
2023-07-19 03:00:00,True
2023-07-19 04:00:00,True
2023-07-20 05:15:00,True
2023-07-20 06:15:00,True
2023-07-20 07:15:00,True
2023-07-21 17:45:00,True
2023-07-22 00:45:00,True
2023-07-22 07:15:00,True
2023-07-22 08:15:00,True
2023-07-23 02:15:00,True
2023-07-23 04:45:00,True
2023-07-23 05:45:00,True
2023-07-26 13:00:00,True
2023-07-26 15:15:00,True
2023-07-26 16:15:00,True
2023-07-27 04:30:00,True
2023-07-27 06:00:00,True
2023-07-27 09:00:00,True
2023-07-28 12:00:00,True
2023-07-28 13:00:00,True
2023-07-28 14:00:00,True
2023-07-29 01:30:00,True
2023-07-29 04:15:00,True
2023-07-29 17:30:00,True
2023-07-30 11:00:00,True
2023-07-30 12:15:00,True
2023-07-30 14:30:00,True
2023-07-31 00:30:00,True
2023-07-31 12:00:00,True
2023-08-01 18:15:00,True
2023-08-01 23:15:00,True
2023-08-02 00:00:00,True
2023-08-02 01:00:00,True
2023-08-02 12:00:00,True
2023-08-03 14:00:00,True
2023-08-03 15:00:00,True
2023-08-03 16:15:00,True
2023-08-04 05:00:00,True
2023-08-04 13:00:00,True
2023-08-06 08:15:00,True
2023-08-06 16:30:00,True
2023-08-06 17:30:00,True
2023-08-07 01:15:00,True
2023-08-07 02:45:00,True
2023-08-07 10:30:00,True
2023-08-08 05:00:00,True
2023-08-08 06:00:00,True
2023-08-08 10:30:00,True
2023-08-09 07:00:00,True
2023-08-09 08:00:00,True
2023-08-09 10:30:00,True
2023-08-10 13:30:00,True
2023-08-11 14:00:00,True
2023-08-12 14:30:00,True
2023-08-12 16:00:00,True
2023-08-13 00:00:00,True
2023-08-13 01:00:00,True
2023-08-13 18:45:00,True
2023-08-14 03:00:00,True
2023-08-14 08:30:00,True
2023-08-14 14:00:00,True
2023-08-15 00:00:00,True
2023-08-15 08:00:00,True
2023-08-15 09:00:00,True
2023-08-29 00:45:00,True
2023-08-29 13:30:00,True
2023-08-29 14:30:00,True
2023-08-30 08:30:00,True
2023-08-30 13:00:00,True
2023-08-30 21:00:00,True
2023-09-18 02:15:00,True
2023-09-18 07:15:00,True
2023-09-18 09:00:00,True
2023-09-19 02:45:00,True
2023-09-19 07:30:00,True
2023-09-19 08:30:00,True
2023-09-20 00:00:00,True
2023-09-20 01:00:00,True
2023-09-20 02:00:00,True
2023-09-28 00:00:00,True
2023-09-28 01:00:00,True
2023-09-28 02:00:00,True
2023-09-29 06:30:00,True
2023-09-29 07:30:00,True
2023-09-29 20:00:00,True
2023-09-30 00:45:00,True
2023-09-30 03:00:00,True
2023-09-30 04:15:00,True
2023-10-01 01:15:00,True
2023-10-01 04:00:00,True
2023-10-01 05:15:00,True
2023-10-02 00:00:00,True
2023-10-02 07:30:00,True
2023-10-02 08:30:00,True
2023-10-04 08:00:00,True
2023-10-04 09:00:00,True
2023-10-04 10:00:00,True
2023-10-05 08:45:00,True
2023-10-05 10:45:00,True
2023-10-05 11:45:00,True
2023-10-06 07:30:00,True
2023-10-06 08:30:00,True
2023-10-06 09:30:00,True
2023-10-07 08:15:00,True
2023-10-07 09:15:00,True
2023-10-07 11:00:00,True
2023-10-08 00:00:00,True
2023-10-08 01:30:00,True
2023-10-08 02:30:00,True
2023-10-09 01:45:00,True
2023-10-13 12:00:00,True
2023-10-13 20:45:00,True
2023-10-14 03:30:00,True
2023-10-14 10:30:00,True
2023-10-14 12:45:00,True
2023-10-15 01:30:00,True
2023-10-15 03:00:00,True
2023-10-15 04:30:00,True
2023-10-16 05:00:00,True
2023-10-16 06:00:00,True
2023-10-16 13:00:00,True
2023-10-17 07:00:00,True
2023-10-17 08:00:00,True
2023-10-17 10:15:00,True
2023-10-18 02:15:00,True
2023-10-18 04:30:00,True
2023-10-18 05:30:00,True
2023-10-19 00:00:00,True
2023-10-19 07:30:00,True
2023-10-19 08:30:00,True
2023-10-20 02:15:00,True
2023-10-20 03:15:00,True
2023-10-20 05:15:00,True
2023-10-21 06:15:00,True
2023-10-21 07:15:00,True
2023-10-21 09:30:00,True
2023-10-22 01:00:00,True
2023-10-22 04:15:00,True
2023-10-22 05:45:00,True
2023-10-23 00:00:00,True
2023-10-23 01:00:00,True
2023-10-23 02:00:00,True
2023-10-24 02:00:00,True
2023-10-24 11:00:00,True
2023-10-24 12:00:00,True
2023-10-25 01:00:00,True
2023-10-25 07:00:00,True
2023-10-25 09:15:00,True
2023-10-26 01:00:00,True
2023-10-26 03:30:00,True
2023-10-26 07:15:00,True
2023-10-27 06:45:00,True
2023-10-27 09:30:00,True
2023-10-27 13:00:00,True
2023-10-28 02:45:00,True
2023-10-28 05:00:00,True
2023-10-28 11:00:00,True
2023-10-29 06:00:00,True
2023-10-29 07:45:00,True
2023-10-29 08:45:00,True
2023-10-30 08:30:00,True
2023-10-30 09:30:00,True
2023-10-30 11:45:00,True
2023-10-31 00:00:00,True
2023-10-31 08:15:00,True
2023-10-31 11:30:00,True
2023-11-01 07:00:00,True
2023-11-01 12:45:00,True
2023-11-01 18:30:00,True
2023-11-02 10:15:00,True
2023-11-02 11:15:00,True
2023-11-02 12:30:00,True
2023-11-03 14:00:00,True
2023-11-03 15:15:00,True
2023-11-04 00:00:00,True
2023-11-04 01:30:00,True
2023-11-04 06:00:00,True
2023-11-05 03:30:00,True
2023-11-05 11:15:00,True
2023-11-05 12:15:00,True
2023-11-06 08:00:00,True
2023-11-06 09:00:00,True
2023-11-06 10:00:00,True
2023-11-07 18:00:00,True
2023-11-07 19:00:00,True
2023-11-07 20:00:00,True
2023-11-08 08:45:00,True
2023-11-08 10:15:00,True
2023-11-08 13:00:00,True
2023-11-09 01:45:00,True
2023-11-09 04:30:00,True
2023-11-09 12:30:00,True
2023-11-10 00:00:00,True
2023-11-10 02:45:00,True
2023-11-10 10:45:00,True
2023-11-11 09:15:00,True
2023-11-11 12:15:00,True
2023-11-11 13:30:00,True
2023-11-12 05:45:00,True
2023-11-12 06:45:00,True
2023-11-12 08:00:00,True
2023-11-13 01:00:00,True
2023-11-15 11:00:00,True
2023-11-15 12:00:00,True
2023-11-15 15:45:00,True
2023-11-16 06:45:00,True
2023-11-16 11:00:00,True
2023-11-17 17:00:00,True
2023-11-17 23:00:00,True
2023-11-18 14:30:00,True
2023-11-18 15:30:00,True
2023-11-18 16:30:00,True
2023-11-19 03:45:00,True
2023-11-19 06:00:00,True
2023-11-19 07:00:00,True
2023-11-20 00:00:00,True
2023-11-20 07:45:00,True
2023-11-20 10:30:00,True
2023-11-21 01:45:00,True
2023-11-21 08:45:00,True
2023-11-22 18:15:00,True
2023-11-22 20:30:00,True
2023-11-22 21:30:00,True
2023-11-23 08:00:00,True
2023-11-23 09:00:00,True
2023-11-23 10:00:00,True
2023-11-24 01:00:00,True
2023-11-24 02:00:00,True
2023-11-24 06:00:00,True
2023-11-25 01:45:00,True
2023-11-25 03:45:00,True
2023-11-25 05:45:00,True
2023-11-26 06:30:00,True
2023-11-26 07:45:00,True
2023-11-26 09:00:00,True
2023-11-28 11:15:00,True
2023-11-28 13:00:00,True
2023-11-28 14:00:00,True
2023-11-29 05:45:00,True
2023-11-29 06:45:00,True
2023-11-29 08:30:00,True
2023-11-30 02:30:00,True
2023-11-30 03:30:00,True
2023-11-30 04:30:00,True
2023-12-01 01:15:00,True
2023-12-01 02:45:00,True
2023-12-01 04:00:00,True
2023-12-02 01:45:00,True
2023-12-02 04:45:00,True
2023-12-02 06:00:00,True
2023-12-03 07:30:00,True
2023-12-03 10:30:00,True
2023-12-03 11:30:00,True
2023-12-04 00:00:00,True
2023-12-04 01:00:00,True
2023-12-04 05:00:00,True
2023-12-05 05:00:00,True
2023-12-05 11:00:00,True
2023-12-05 12:00:00,True
2023-12-06 08:00:00,True
2023-12-06 09:45:00,True
2023-12-06 10:45:00,True
2023-12-07 02:30:00,True
2023-12-07 04:00:00,True
2023-12-07 05:00:00,True
2023-12-08 02:00:00,True
2023-12-08 04:00:00,True
2023-12-08 11:00:00,True
2023-12-09 04:15:00,True
2023-12-09 05:15:00,True
2023-12-09 13:30:00,True
2023-12-10 04:30:00,True
2023-12-10 07:30:00,True
2023-12-10 12:45:00,True
2023-12-13 15:00:00,True
2023-12-13 16:00:00,True
2023-12-13 17:15:00,True
2023-12-14 06:00:00,True
2023-12-14 08:15:00,True
2023-12-14 11:15:00,True
2023-12-15 08:15:00,True
2023-12-15 09:45:00,True
2023-12-16 12:00:00,True
2023-12-16 13:00:00,True
2023-12-16 15:45:00,True
2023-12-17 18:15:00,True
2023-12-18 20:00:00,True
2023-12-18 21:00:00,True
2023-12-18 22:00:00,True
2023-12-19 00:00:00,True
2023-12-19 01:45:00,True
2023-12-19 08:30:00,True
2023-12-20 04:15:00,True
2023-12-20 06:15:00,True
2023-12-20 08:00:00,True
2023-12-21 03:00:00,True
2023-12-21 06:45:00,True
2023-12-21 08:15:00,True
2023-12-22 01:30:00,True
2023-12-22 05:45:00,True
2023-12-22 18:15:00,True
2023-12-23 00:00:00,True
2023-12-23 12:00:00,True
2023-12-23 13:00:00,True
2023-12-24 01:00:00,True
2023-12-24 02:15:00,True
2023-12-24 04:00:00,True
2023-12-25 12:45:00,True
2023-12-25 14:00:00,True
2023-12-25 16:00:00,True
2023-12-27 10:15:00,True
2023-12-27 11:15:00,True
2023-12-27 18:45:00,True
2023-12-28 00:15:00,True
2023-12-29 11:15:00,True
2023-12-29 14:30:00,True
2023-12-30 15:00:00,True
2023-12-30 16:00:00,True
2023-12-30 17:00:00,True
2023-12-31 00:30:00,True
2023-12-31 07:00:00,True
2023-12-31 08:15:00,True
2024-01-01 01:30:00,True
2024-01-01 07:00:00,True
2024-01-01 09:15:00,True
2024-01-02 00:00:00,True
2024-01-02 01:00:00,True
2024-01-02 03:00:00,True
2024-01-03 00:45:00,True
2024-01-03 01:45:00,True
2024-01-03 06:45:00,True
2024-01-04 14:45:00,True
2024-01-04 15:45:00,True
2024-01-04 19:15:00,True
2024-01-05 06:45:00,True
2024-01-05 08:30:00,True
2024-01-05 09:30:00,True
2024-01-06 14:00:00,True
2024-01-06 16:00:00,True
2024-01-06 17:30:00,True
2024-01-07 00:15:00,True
2024-01-07 07:30:00,True
2024-01-07 08:30:00,True
2024-01-08 06:15:00,True
2024-01-08 11:15:00,True
2024-01-08 12:15:00,True
2024-01-09 07:15:00,True
2024-01-09 12:00:00,True
2024-01-09 13:15:00,True
2024-01-10 17:30:00,True
2024-01-10 19:00:00,True
2024-01-10 23:00:00,True
2024-01-11 10:15:00,True
2024-01-11 11:15:00,True
2024-01-11 12:15:00,True
2024-01-15 18:15:00,True
2024-01-16 03:15:00,True
2024-01-16 08:30:00,True
2024-01-16 09:30:00,True
2024-01-18 05:15:00,True
2024-01-18 06:15:00,True
2024-01-18 07:15:00,True
2024-01-19 18:45:00,True
2024-01-20 20:15:00,True
2024-01-20 21:30:00,True
2024-01-21 09:00:00,True
2024-01-21 10:00:00,True
2024-01-21 11:45:00,True
2024-01-24 00:00:00,True
2024-01-24 07:00:00,True
2024-01-24 09:00:00,True
2024-01-25 01:30:00,True
2024-01-25 06:45:00,True
2024-01-25 07:45:00,True
2024-01-26 02:00:00,True
2024-01-26 04:30:00,True
2024-01-26 08:30:00,True
2024-01-27 14:30:00,True
2024-01-27 15:30:00,True
2024-01-27 16:45:00,True
2024-01-28 03:45:00,True
2024-01-28 04:45:00,True
2024-01-28 09:30:00,True
2024-01-29 01:15:00,True
2024-01-29 03:00:00,True
2024-01-29 09:30:00,True
2024-01-30 01:15:00,True
2024-01-30 02:30:00,True
2024-01-30 10:45:00,True
2024-01-31 15:00:00,True
2024-01-31 16:00:00,True
2024-02-01 14:00:00,True
2024-02-01 16:00:00,True
2024-02-01 17:00:00,True
2024-02-02 00:15:00,True
2024-02-02 06:15:00,True
2024-02-02 07:15:00,True
2024-02-03 00:00:00,True
2024-02-03 01:45:00,True
2024-02-03 09:30:00,True
2024-02-04 11:00:00,True
2024-02-04 12:00:00,True
2024-02-04 13:00:00,True
2024-02-05 07:00:00,True
2024-02-05 08:00:00,True
2024-02-05 10:00:00,True
2024-02-06 02:00:00,True
2024-02-06 03:00:00,True
2024-02-06 07:45:00,True
2024-02-07 05:45:00,True
2024-02-07 09:30:00,True
2024-02-07 12:45:00,True
2024-02-08 00:30:00,True
2024-02-08 08:30:00,True
2024-02-08 09:30:00,True
2024-02-09 01:45:00,True
2024-02-09 02:45:00,True
2024-02-09 04:15:00,True
2024-02-10 03:00:00,True
2024-02-10 04:15:00,True
2024-02-10 11:45:00,True
2024-02-11 03:00:00,True
2024-02-11 04:00:00,True
2024-02-11 11:30:00,True
2024-02-12 00:00:00,True
2024-02-12 01:00:00,True
2024-02-12 07:00:00,True
2024-02-13 07:45:00,True
2024-02-13 08:45:00,True
2024-02-13 09:45:00,True
2024-02-14 06:00:00,True
2024-02-14 07:00:00,True
2024-02-14 08:00:00,True
2024-02-15 00:15:00,True
2024-02-15 09:15:00,True
2024-02-15 11:30:00,True
2024-02-16 01:15:00,True
2024-02-16 03:00:00,True
2024-02-16 04:00:00,True
2024-02-17 21:15:00,True
2024-02-18 07:15:00,True
2024-02-18 09:00:00,True
2024-02-18 10:00:00,True
2024-02-19 00:00:00,True
2024-02-19 06:00:00,True
2024-02-19 07:00:00,True
2024-02-20 05:15:00,True
2024-02-20 10:15:00,True
2024-02-20 11:15:00,True
2024-02-21 23:00:00,True
2024-02-22 06:30:00,True
2024-02-22 07:30:00,True
2024-02-22 09:30:00,True
2024-02-24 16:30:00,True
2024-02-24 17:30:00,True
2024-02-24 18:30:00,True
2024-02-25 02:00:00,True
2024-02-25 06:15:00,True
2024-02-25 13:30:00,True
2024-02-26 05:30:00,True
2024-02-26 14:30:00,True
2024-02-26 15:30:00,True
2024-02-27 01:45:00,True
2024-02-27 10:15:00,True
2024-02-27 12:30:00,True
2024-02-28 04:00:00,True
2024-02-28 05:00:00,True
2024-02-28 06:45:00,True
2024-02-29 00:00:00,True
2024-02-29 04:30:00,True
2024-02-29 05:45:00,True
2024-03-01 04:15:00,True
2024-03-01 06:00:00,True
2024-03-01 08:00:00,True
2024-03-02 03:30:00,True
2024-03-02 12:30:00,True
2024-03-02 23:15:00,True
2024-03-03 03:00:00,True
2024-03-03 04:15:00,True
2024-03-03 12:00:00,True
2024-03-04 00:00:00,True
2024-03-04 01:00:00,True
2024-03-04 07:30:00,True
2024-03-05 01:45:00,True
2024-03-05 13:00:00,True
2024-03-05 14:00:00,True
2024-03-06 05:00:00,True
2024-03-06 06:00:00,True
2024-03-06 07:45:00,True
2024-03-07 01:45:00,True
2024-03-07 07:30:00,True
2024-03-07 08:30:00,True
2024-03-08 02:45:00,True
2024-03-08 06:30:00,True
2024-03-08 07:30:00,True
2024-03-09 04:30:00,True
2024-03-09 06:30:00,True
2024-03-09 08:00:00,True
2024-03-10 01:00:00,True
2024-03-10 02:00:00,True
2024-03-10 04:00:00,True
2024-03-11 06:15:00,True
2024-03-11 07:15:00,True
2024-03-11 08:15:00,True
2024-03-12 06:45:00,True
2024-03-12 11:15:00,True
2024-03-12 12:30:00,True
2024-03-13 01:15:00,True
2024-03-13 03:15:00,True
2024-03-13 06:15:00,True
2024-03-14 02:15:00,True
2024-03-14 03:15:00,True
2024-03-14 04:15:00,True
2024-03-15 18:30:00,True
2024-03-17 15:30:00,True
2024-03-17 16:30:00,True
2024-03-17 17:45:00,True
2024-03-18 04:30:00,True
2024-03-18 05:30:00,True
2024-03-18 11:15:00,True
2024-03-20 18:00:00,True
2024-03-20 19:00:00,True
2024-03-20 20:00:00,True
2024-03-21 08:15:00,True
2024-03-21 11:30:00,True
2024-03-21 12:30:00,True
2024-03-22 03:15:00,True
2024-03-22 04:45:00,True
2024-03-22 05:45:00,True
2024-03-23 12:45:00,True
2024-03-23 14:30:00,True
2024-03-23 16:30:00,True
2024-03-24 08:00:00,True
2024-03-24 09:00:00,True
2024-03-24 10:15:00,True
2024-03-25 00:00:00,True
2024-03-25 03:45:00,True
2024-03-25 04:45:00,True
2024-03-26 02:45:00,True
2024-03-26 05:00:00,True
2024-03-26 07:00:00,True
2024-03-27 00:30:00,True
2024-03-27 01:45:00,True
2024-03-27 02:45:00,True
2024-03-28 00:15:00,True
2024-03-28 05:15:00,True
2024-03-28 06:15:00,True
2024-03-29 13:30:00,True
2024-03-30 01:00:00,True
2024-03-30 05:00:00,True
2024-03-30 09:15:00,True
2024-03-31 01:00:00,True
2024-03-31 04:30:00,True
2024-03-31 05:45:00,True
2024-04-01 00:00:00,True
2024-04-04 12:00:00,True
2024-04-04 13:00:00,True
2024-04-04 14:00:00,True
2024-04-05 00:45:00,True
2024-04-05 13:30:00,True
2024-04-05 14:30:00,True
2024-04-06 00:00:00,True
2024-04-06 05:00:00,True
2024-04-06 07:45:00,True
2024-04-07 00:00:00,True
2024-04-07 01:15:00,True
2024-04-07 08:30:00,True
2024-04-08 00:00:00,True
2024-04-08 01:00:00,True
2024-04-08 05:45:00,True
2024-04-10 19:45:00,True
2024-04-10 22:00:00,True
2024-04-11 07:30:00,True
2024-04-11 08:30:00,True
2024-04-11 12:45:00,True
2024-04-12 02:00:00,True
2024-04-12 03:15:00,True
2024-04-12 04:45:00,True
2024-04-14 23:15:00,True
2024-04-15 06:00:00,True
2024-04-15 07:00:00,True
2024-04-15 09:15:00,True
2024-04-16 21:00:00,True
2024-04-17 05:15:00,True
2024-04-18 11:00:00,True
2024-04-18 13:00:00,True
2024-04-18 14:00:00,True
2024-04-19 06:30:00,True
2024-04-19 08:00:00,True
2024-04-20 04:45:00,True
2024-04-20 06:00:00,True
2024-04-20 13:00:00,True
2024-04-21 01:15:00,True
2024-04-21 02:15:00,True
2024-04-21 03:15:00,True
2024-04-22 00:00:00,True
2024-04-22 03:15:00,True
2024-04-22 05:30:00,True
2024-04-23 01:00:00,True
2024-04-23 10:30:00,True
2024-04-23 13:30:00,True
2024-04-24 00:00:00,True
2024-04-24 01:00:00,True
2024-04-24 02:00:00,True
2024-04-28 00:15:00,True
2024-04-28 01:30:00,True
2024-04-28 02:30:00,True
2024-04-29 22:00:00,True
2024-04-29 23:00:00,True
2024-04-30 00:00:00,True
2024-04-30 01:00:00,True
2024-05-02 14:30:00,True
2024-05-03 02:00:00,True
2024-05-03 03:00:00,True
2024-05-03 09:45:00,True
2024-05-04 05:45:00,True
2024-05-04 09:00:00,True
2024-05-04 10:15:00,True
2024-05-05 00:00:00,True
2024-05-05 07:00:00,True
2024-05-05 08:15:00,True
2024-05-06 00:15:00,True
2024-05-06 01:15:00,True
2024-05-06 05:15:00,True
2024-05-07 01:00:00,True
2024-05-07 07:15:00,True
2024-05-07 08:15:00,True
2024-05-09 15:00:00,True
2024-05-09 21:00:00,True
2024-05-09 22:15:00,True
2024-05-10 06:45:00,True
2024-05-10 07:45:00,True
2024-05-10 11:45:00,True
2024-05-12 15:15:00,True
2024-05-12 16:15:00,True
2024-05-12 23:00:00,True
2024-05-13 00:00:00,True
2024-05-13 01:15:00,True
2024-05-13 06:30:00,True
2024-05-14 01:15:00,True
2024-05-14 05:15:00,True
2024-05-15 03:00:00,True
2024-05-15 04:00:00,True
2024-05-15 05:00:00,True
2024-05-16 07:00:00,True
2024-05-16 08:00:00,True
2024-05-16 09:15:00,True
2024-05-17 00:00:00,True
2024-05-17 03:15:00,True
2024-05-17 06:30:00,True
2024-05-18 00:00:00,True
2024-05-18 02:00:00,True
2024-05-18 07:15:00,True
2024-05-19 00:00:00,True
2024-05-19 02:00:00,True
2024-05-19 03:00:00,True
2024-05-20 04:30:00,True
2024-05-20 10:00:00,True
2024-05-20 15:15:00,True
2024-05-21 00:15:00,True
2024-05-21 11:15:00,True
2024-05-21 12:15:00,True
2024-05-22 00:00:00,True
2024-05-22 02:00:00,True
2024-05-22 08:00:00,True
2024-05-23 07:00:00,True
2024-05-23 08:00:00,True
2024-05-23 11:15:00,True
2024-05-24 15:00:00,True
2024-05-24 16:00:00,True
2024-05-24 17:00:00,True
2024-05-25 03:00:00,True
2024-05-25 08:00:00,True
2024-05-25 09:15:00,True
2024-05-26 00:00:00,True
2024-05-26 05:30:00,True
2024-05-26 07:30:00,True
2024-05-27 01:30:00,True
2024-05-27 02:30:00,True
2024-05-27 13:00:00,True
2024-05-29 01:45:00,True
2024-05-29 03:15:00,True
2024-05-29 04:15:00,True
2024-05-30 04:15:00,True
2024-05-30 05:15:00,True
2024-05-30 12:30:00,True
2024-05-31 01:00:00,True
2024-05-31 02:00:00,True
2024-05-31 10:45:00,True
2024-06-02 00:45:00,True
2024-06-02 11:30:00,True
2024-06-02 14:15:00,True
2024-06-03 01:00:00,True
2024-06-03 02:00:00,True
2024-06-03 03:00:00,True
2024-06-04 01:30:00,True
2024-06-04 03:00:00,True
2024-06-04 04:00:00,True
2024-06-05 00:45:00,True
2024-06-05 01:45:00,True
2024-06-05 04:30:00,True
2024-06-06 07:45:00,True
2024-06-06 09:00:00,True
2024-06-06 11:00:00,True
2024-06-07 03:15:00,True
2024-06-07 04:15:00,True
2024-06-07 05:15:00,True
2024-06-09 12:30:00,True
2024-06-09 18:00:00,True
2024-06-09 19:15:00,True
2024-06-10 02:15:00,True
2024-06-10 14:30:00,True
2024-06-10 15:30:00,True
2024-06-12 10:00:00,True
2024-06-12 12:15:00,True
2024-06-12 13:15:00,True
2024-06-16 09:15:00,True
2024-06-16 10:30:00,True
2024-06-16 11:45:00,True
2024-06-17 00:00:00,True
2024-06-17 17:00:00,True
2024-06-17 18:00:00,True
2024-06-19 10:45:00,True
2024-06-20 04:45:00,True
2024-06-20 05:45:00,True
2024-06-20 06:45:00,True
2024-06-22 07:00:00,True
2024-06-23 00:00:00,True
2024-06-23 01:00:00,True
2024-06-23 02:45:00,True
2024-06-25 15:15:00,True
2024-06-25 18:45:00,True
2024-06-26 01:30:00,True
2024-06-26 13:30:00,True
2024-06-26 14:30:00,True
2024-06-27 12:00:00,True
2024-06-27 13:00:00,True
2024-06-27 14:00:00,True
2024-06-28 00:00:00,True
2024-06-28 01:15:00,True
2024-06-28 09:45:00,True
2024-06-29 11:30:00,True
2024-06-30 06:30:00,True
2024-06-30 07:30:00,True
2024-06-30 18:45:00,True
2024-07-01 00:00:00,True
2024-07-01 01:00:00,True
2024-07-01 02:00:00,True
2024-07-02 02:00:00,True
2024-07-02 03:15:00,True
2024-07-02 12:45:00,True
2024-07-13 02:45:00,True
2024-07-13 05:30:00,True
2024-07-13 06:30:00,True
2024-07-14 00:00:00,True
2024-07-14 04:30:00,True
2024-07-14 15:00:00,True
2024-07-15 00:45:00,True
2024-07-15 02:15:00,True
2024-07-15 03:45:00,True
2024-07-16 00:00:00,True
2024-07-16 10:30:00,True
2024-07-16 12:15:00,True
2024-07-17 00:00:00,True
2024-07-17 01:00:00,True
2024-07-17 13:45:00,True
2024-07-18 01:00:00,True
2024-07-18 02:00:00,True
2024-07-18 06:45:00,True
2024-07-19 03:00:00,True
2024-07-19 06:00:00,True
2024-07-19 12:00:00,True
2024-07-20 07:00:00,True
2024-07-20 08:00:00,True
2024-07-20 09:30:00,True
2024-07-21 01:45:00,True
2024-07-21 12:00:00,True
2024-07-21 14:00:00,True
2024-07-22 11:45:00,True
2024-07-22 18:00:00,True
2024-07-22 19:15:00,True
2024-07-23 14:15:00,True
2024-07-24 10:00:00,True
2024-07-24 14:15:00,True
2024-07-25 20:45:00,True
2024-07-25 21:45:00,True
2024-07-26 00:00:00,True
2024-07-26 01:00:00,True
2024-07-26 02:15:00,True
2024-07-27 05:45:00,True
2024-07-27 06:45:00,True
2024-07-27 07:45:00,True
2024-07-28 12:15:00,True
2024-07-28 17:45:00,True
2024-07-28 23:45:00,True
2024-07-29 00:00:00,True
2024-07-29 01:00:00,True
2024-07-29 02:15:00,True
2024-07-31 17:30:00,True
2024-08-01 22:15:00,True
2024-08-02 12:45:00,True
2024-08-02 13:45:00,True
2024-08-08 01:00:00,True
2024-08-08 02:00:00,True
2024-08-08 04:00:00,True
2024-08-09 00:00:00,True
2024-08-09 09:00:00,True
2024-08-09 14:00:00,True
2024-08-10 00:15:00,True
2024-08-10 07:00:00,True
2024-08-10 08:00:00,True
2024-08-13 00:00:00,True
2024-08-13 01:00:00,True
2024-08-13 13:00:00,True
2024-08-17 01:30:00,True
2024-08-17 08:45:00,True
2024-08-17 09:45:00,True
2024-08-21 06:00:00,True
2024-08-21 07:00:00,True
2024-08-21 12:30:00,True
2024-08-22 06:00:00,True
2024-08-22 07:45:00,True
2024-08-22 10:15:00,True
2024-08-23 00:00:00,True
2024-08-23 01:15:00,True
2024-08-23 05:00:00,True
2024-08-24 06:30:00,True
2024-08-24 07:30:00,True
2024-08-24 08:45:00,True
2024-08-25 00:00:00,True
2024-08-25 13:15:00,True
2024-08-25 14:15:00,True
2024-09-13 07:30:00,True
2024-09-13 09:15:00,True
2024-09-13 10:15:00,True
2024-09-14 14:15:00,True
2024-09-14 16:45:00,True
2024-09-14 20:15:00,True
2024-09-17 08:00:00,True
2024-09-17 09:00:00,True
2024-09-17 10:15:00,True
2024-09-18 02:45:00,True
2024-09-18 03:45:00,True
2024-09-18 04:45:00,True
2024-09-19 00:00:00,True
2024-09-19 01:00:00,True
2024-09-19 10:00:00,True
2024-09-20 01:45:00,True
2024-09-20 02:45:00,True
2024-09-20 03:45:00,True
2024-09-21 00:15:00,True
2024-09-21 06:00:00,True
2024-09-21 07:45:00,True
2024-09-22 00:00:00,True
2024-09-22 17:00:00,True
2024-09-22 18:15:00,True
2024-09-23 00:45:00,True
2024-09-23 03:00:00,True
2024-09-23 04:15:00,True
2024-09-24 06:15:00,True
2024-09-24 07:15:00,True
2024-09-24 08:15:00,True
2024-09-25 14:00:00,True
2024-09-26 05:30:00,True
2024-09-26 06:30:00,True
2024-09-26 10:15:00,True
2024-09-27 00:30:00,True
2024-09-27 03:45:00,True
2024-09-27 05:45:00,True
2024-09-28 01:45:00,True
2024-09-28 02:45:00,True
2024-09-28 04:00:00,True
2024-09-29 02:15:00,True
2024-09-29 11:00:00,True
2024-09-29 13:00:00,True
2024-10-04 07:15:00,True
2024-10-04 08:15:00,True
2024-10-04 12:45:00,True
2024-10-05 05:00:00,True
2024-10-05 06:30:00,True
2024-10-05 09:15:00,True
2024-10-06 01:15:00,True
2024-10-06 06:45:00,True
2024-10-06 08:15:00,True
2024-10-07 00:00:00,True
2024-10-07 01:00:00,True
2024-10-07 13:30:00,True
2024-10-08 13:15:00,True
2024-10-08 14:45:00,True
2024-10-11 09:45:00,True
2024-10-11 12:00:00,True
2024-10-11 13:15:00,True
2024-10-12 07:30:00,True
2024-10-12 09:45:00,True
2024-10-12 10:45:00,True
2024-10-13 00:00:00,True
2024-10-13 21:30:00,True
2024-10-14 03:15:00,True
2024-10-14 04:15:00,True
2024-10-14 06:15:00,True
2024-10-15 07:00:00,True
2024-10-15 12:30:00,True
2024-10-15 13:30:00,True
2024-10-16 00:00:00,True
2024-10-16 01:15:00,True
2024-10-16 08:30:00,True
2024-10-17 00:30:00,True
2024-10-17 01:45:00,True
2024-10-17 08:45:00,True
2024-10-18 01:00:00,True
2024-10-18 02:00:00,True
2024-10-18 06:00:00,True
2024-10-19 03:00:00,True
2024-10-19 08:30:00,True
2024-10-19 14:15:00,True
2024-10-20 04:15:00,True
2024-10-20 06:45:00,True
2024-10-20 08:15:00,True
2024-10-21 00:15:00,True
2024-10-21 01:15:00,True
2024-10-22 22:00:00,True
2024-10-24 00:45:00,True
2024-10-24 01:45:00,True
2024-10-24 11:30:00,True
2024-10-25 09:45:00,True
2024-10-25 11:00:00,True
2024-10-25 12:00:00,True
2024-10-26 20:15:00,True
2024-10-27 03:15:00,True
2024-10-27 08:00:00,True
2024-10-27 12:15:00,True
2024-10-28 05:45:00,True
2024-10-28 07:00:00,True
2024-10-28 08:00:00,True
2024-10-29 02:00:00,True
2024-10-29 11:45:00,True
2024-10-29 13:45:00,True
2024-10-30 06:00:00,True
2024-10-30 08:15:00,True
2024-10-30 09:15:00,True
2024-10-31 03:00:00,True
2024-10-31 07:30:00,True
2024-10-31 09:15:00,True
2024-11-01 13:30:00,True
2024-11-01 14:30:00,True
2024-11-03 21:00:00,True
2024-11-04 02:30:00,True
2024-11-05 05:30:00,True
2024-11-05 07:30:00,True
2024-11-05 08:45:00,True
2024-11-06 00:00:00,True
2024-11-06 01:00:00,True
2024-11-06 02:00:00,True
2024-11-07 08:00:00,True
2024-11-07 10:00:00,True
2024-11-07 12:45:00,True
2024-11-08 05:30:00,True
2024-11-08 07:15:00,True
2024-11-08 10:45:00,True
2024-11-09 05:15:00,True
2024-11-09 06:30:00,True
2024-11-09 08:30:00,True
2024-11-10 00:00:00,True
2024-11-10 01:00:00,True
2024-11-10 02:15:00,True
2024-11-11 01:30:00,True
2024-11-11 03:45:00,True
2024-11-11 09:30:00,True
2024-11-12 06:30:00,True
2024-11-12 16:45:00,True
2024-11-12 19:30:00,True
2024-11-13 07:15:00,True
2024-11-13 11:00:00,True
2024-11-13 12:30:00,True
2024-11-14 04:45:00,True
2024-11-14 07:30:00,True
2024-11-14 08:30:00,True
2024-11-15 09:00:00,True
2024-11-15 10:15:00,True
2024-11-15 11:45:00,True
2024-11-16 10:30:00,True
2024-11-16 18:00:00,True
2024-11-16 19:15:00,True
2024-11-17 08:00:00,True
2024-11-17 09:00:00,True
2024-11-18 01:15:00,True
2024-11-18 03:00:00,True
2024-11-18 06:15:00,True
2024-11-19 04:15:00,True
2024-11-19 05:15:00,True
2024-11-19 06:15:00,True
2024-11-20 05:15:00,True
2024-11-20 06:30:00,True
2024-11-20 07:45:00,True
2024-11-21 00:00:00,True
2024-11-21 01:15:00,True
2024-11-21 03:15:00,True
2024-11-22 02:45:00,True
2024-11-22 07:15:00,True
2024-11-22 08:15:00,True
2024-11-23 03:15:00,True
2024-11-23 12:30:00,True
2024-11-23 13:30:00,True
2024-11-24 01:00:00,True
2024-11-24 02:00:00,True
2024-11-24 03:00:00,True
2024-11-25 00:00:00,True
2024-11-25 04:00:00,True
2024-11-25 05:15:00,True
2024-11-27 13:30:00,True
2024-11-27 14:30:00,True
2024-11-27 15:30:00,True
2024-11-28 11:30:00,True
2024-11-28 12:45:00,True
2024-11-28 13:45:00,True
2024-11-29 00:00:00,True
2024-11-29 01:45:00,True
2024-11-29 02:45:00,True
2024-11-30 05:45:00,True
2024-11-30 16:45:00,True
2024-11-30 20:30:00,True
2024-12-01 08:00:00,True
2024-12-01 09:00:00,True
2024-12-01 11:30:00,True
2024-12-02 01:15:00,True
2024-12-02 02:15:00,True
2024-12-02 15:00:00,True
2024-12-03 21:15:00,True
2024-12-04 01:30:00,True
2024-12-04 05:15:00,True
2024-12-04 06:15:00,True
2024-12-05 02:30:00,True
2024-12-05 14:45:00,True
2024-12-06 14:00:00,True
2024-12-06 15:00:00,True
2024-12-06 17:30:00,True
2024-12-07 09:15:00,True
2024-12-07 15:00:00,True
2024-12-07 16:00:00,True
2024-12-08 02:15:00,True
2024-12-08 11:30:00,True
2024-12-08 12:45:00,True
2024-12-09 14:00:00,True
2024-12-11 08:30:00,True
2024-12-11 11:15:00,True
2024-12-11 13:45:00,True
2024-12-12 02:45:00,True
2024-12-12 08:15:00,True
2024-12-12 12:45:00,True
2024-12-13 08:00:00,True
2024-12-13 10:30:00,True
2024-12-13 14:30:00,True
2024-12-14 01:00:00,True
2024-12-14 15:15:00,True
2024-12-14 23:00:00,True
2024-12-15 00:30:00,True
2024-12-15 01:30:00,True
2024-12-15 02:45:00,True
2024-12-16 00:00:00,True
2024-12-16 02:00:00,True
2024-12-16 14:15:00,True
2024-12-17 01:30:00,True
2024-12-17 03:30:00,True
2024-12-17 07:15:00,True
2024-12-21 05:00:00,True
2024-12-21 06:00:00,True
2024-12-21 07:15:00,True
2024-12-23 10:30:00,True
2024-12-24 13:00:00,True
2024-12-24 14:00:00,True
2024-12-24 15:00:00,True
2024-12-25 10:00:00,True
2024-12-25 11:00:00,True
2024-12-25 18:00:00,True
2024-12-26 00:00:00,True
2024-12-27 09:00:00,True
2024-12-28 22:15:00,True
2024-12-28 23:15:00,True
2024-12-29 07:00:00,True
2024-12-30 18:00:00,True
2024-12-30 20:15:00,True
2024-12-31 08:00:00,True
2024-12-31 09:00:00,True
2024-12-31 10:15:00,True
2025-01-01 00:30:00,True
2025-01-01 12:15:00,True
2025-01-01 14:00:00,True
2025-01-02 00:45:00,True
2025-01-02 04:30:00,True
2025-01-02 07:45:00,True
2025-01-03 02:15:00,True
2025-01-03 09:30:00,True
2025-01-03 11:15:00,True
2025-01-04 03:00:00,True
2025-01-04 05:45:00,True
2025-01-04 07:15:00,True
2025-01-05 04:15:00,True
2025-01-05 05:15:00,True
2025-01-05 06:45:00,True
2025-01-06 02:00:00,True
2025-01-06 04:15:00,True
2025-01-06 05:15:00,True
2025-01-07 07:00:00,True
2025-01-07 08:30:00,True
2025-01-10 07:15:00,True
2025-01-10 09:15:00,True
2025-01-10 17:45:00,True
2025-01-11 10:45:00,True
2025-01-11 12:00:00,True
2025-01-11 16:30:00,True
2025-01-12 13:15:00,True
2025-01-12 14:15:00,True
2025-01-12 15:15:00,True
2025-01-13 00:00:00,True
2025-01-13 20:30:00,True
2025-01-13 21:30:00,True
2025-01-14 08:30:00,True
2025-01-14 09:30:00,True
2025-01-15 00:15:00,True
2025-01-15 01:15:00,True
2025-01-15 04:00:00,True
2025-01-16 00:00:00,True
2025-01-16 06:30:00,True
2025-01-16 13:30:00,True
2025-01-17 01:30:00,True
2025-01-17 02:45:00,True
2025-01-17 08:30:00,True
2025-01-18 11:30:00,True
2025-01-18 13:30:00,True
2025-01-18 14:30:00,True
2025-01-19 00:00:00,True
2025-01-19 01:30:00,True
2025-01-19 02:30:00,True
2025-01-20 06:30:00,True
2025-01-20 07:30:00,True
2025-01-21 11:00:00,True
2025-01-21 12:00:00,True
2025-01-21 13:00:00,True
2025-01-22 06:00:00,True
2025-01-22 12:00:00,True
2025-01-23 14:00:00,True
2025-01-23 15:15:00,True
2025-01-23 16:15:00,True
2025-01-24 03:30:00,True
2025-01-24 04:30:00,True
2025-01-24 05:45:00,True
2025-01-25 03:30:00,True
2025-01-25 12:45:00,True
2025-01-25 15:00:00,True
2025-01-26 03:00:00,True
2025-01-26 04:15:00,True
2025-01-26 13:00:00,True
2025-01-28 03:45:00,True
2025-01-28 15:15:00,True
2025-01-28 17:00:00,True
2025-01-29 05:00:00,True
2025-01-29 06:00:00,True
2025-01-29 07:00:00,True
2025-01-30 01:30:00,True
2025-01-30 02:30:00,True
2025-01-30 03:30:00,True
2025-01-31 11:00:00,True
2025-01-31 12:15:00,True
2025-01-31 13:30:00,True
2025-02-03 15:00:00,True
2025-02-03 16:00:00,True
2025-02-03 17:45:00,True
2025-02-04 12:30:00,True
2025-02-04 14:15:00,True
2025-02-05 13:00:00,True
2025-02-06 06:00:00,True
2025-02-06 07:00:00,True
2025-02-06 08:00:00,True
2025-02-07 11:00:00,True
2025-02-07 12:00:00,True
2025-02-07 13:00:00,True
2025-02-09 01:15:00,True
2025-02-09 03:30:00,True
2025-02-09 04:45:00,True
2025-02-10 00:00:00,True
2025-02-10 03:30:00,True
2025-02-10 05:45:00,True
2025-02-11 00:00:00,True
2025-02-11 01:00:00,True
2025-02-11 02:00:00,True
2025-02-12 16:45:00,True
2025-02-12 22:15:00,True
2025-02-13 21:00:00,True
2025-02-14 00:15:00,True
2025-02-14 03:45:00,True
2025-02-14 07:15:00,True
2025-02-15 04:00:00,True
2025-02-15 09:00:00,True
2025-02-15 10:15:00,True
2025-02-16 05:45:00,True
2025-02-17 14:00:00,True
2025-02-18 12:15:00,True
2025-02-18 13:15:00,True
2025-02-19 02:45:00,True
2025-02-19 07:00:00,True
2025-02-19 09:45:00,True
2025-02-20 00:45:00,True
2025-02-20 02:30:00,True
2025-02-20 04:30:00,True
2025-02-21 05:30:00,True
2025-02-21 07:00:00,True
2025-02-21 10:00:00,True
2025-03-01 02:00:00,True
2025-03-01 03:00:00,True
2025-03-01 04:00:00,True
2025-03-02 00:30:00,True
2025-03-02 02:00:00,True
2025-03-02 06:15:00,True
2025-03-03 05:30:00,True
2025-03-03 11:00:00,True
2025-03-03 12:00:00,True
2025-03-04 19:00:00,True
2025-03-04 20:15:00,True
2025-03-04 21:15:00,True
2025-03-05 08:15:00,True
2025-03-05 09:15:00,True
2025-03-05 10:15:00,True
2025-03-06 01:45:00,True
2025-03-06 02:45:00,True
2025-03-06 04:30:00,True
2025-03-07 09:15:00,True
2025-03-07 12:00:00,True
2025-03-07 13:15:00,True
2025-03-19 00:15:00,True
2025-03-19 05:45:00,True
2025-03-19 06:45:00,True
2025-03-23 02:30:00,True
2025-03-23 05:45:00,True
2025-03-23 07:30:00,True
2025-03-24 00:00:00,True
2025-03-24 03:15:00,True
2025-03-24 06:00:00,True
2025-03-25 09:15:00,True
2025-03-25 11:30:00,True
2025-03-25 12:30:00,True
2025-03-26 05:30:00,True
2025-03-26 06:30:00,True
2025-03-26 07:30:00,True
2025-03-27 01:00:00,True
2025-03-27 02:00:00,True
2025-03-27 04:00:00,True
2025-04-12 04:45:00,True
2025-04-12 06:15:00,True
2025-04-12 07:15:00,True
2025-04-19 02:00:00,True
2025-04-19 03:00:00,True
2025-04-19 04:00:00,True
2025-04-20 01:15:00,True
2025-04-20 20:00:00,True
2025-04-20 21:00:00,True
2025-04-21 00:00:00,True
2025-04-21 01:00:00,True
2025-04-21 02:15:00,True
2025-04-22 00:00:00,True
2025-04-22 01:00:00,True
2025-04-22 02:00:00,True
2025-04-23 00:15:00,True
2025-04-23 06:00:00,True
2025-04-23 07:45:00,True
2025-04-24 13:30:00,True
2025-04-24 14:30:00,True
2025-04-24 16:15:00,True
2025-04-25 00:00:00,True
2025-04-25 01:00:00,True
2025-04-25 06:30:00,True
2025-04-26 01:00:00,True
2025-04-26 02:30:00,True
2025-04-26 15:00:00,True
2025-04-27 00:00:00,True
2025-04-27 18:30:00,True
2025-04-27 20:00:00,True
2025-04-28 06:45:00,True
2025-04-28 07:45:00,True
2025-04-28 08:45:00,True
2025-04-29 00:00:00,True
2025-04-29 01:00:00,True
2025-04-29 08:15:00,True
2025-04-30 03:45:00,True
2025-04-30 09:30:00,True
2025-04-30 11:15:00,True
2025-05-01 01:00:00,True
2025-05-01 02:00:00,True
2025-05-01 03:00:00,True
2025-05-02 00:15:00,True
2025-05-02 01:30:00,True
2025-05-02 03:00:00,True
