open_time,open,high,low,close,volume,close_time
2025-01-31 16:00:00,105406.9,105537.0,104653.1,105041.6,10023.187,2025-01-31 16:59:59.999
2025-01-31 17:00:00,105041.5,105051.2,104450.0,104538.9,5280.087,2025-01-31 17:59:59.999
2025-01-31 18:00:00,104538.9,104786.8,102562.1,102600.1,23197.236,2025-01-31 18:59:59.999
2025-01-31 19:00:00,102600.0,102979.0,102100.0,102275.8,15609.92,2025-01-31 19:59:59.999
2025-01-31 20:00:00,102275.7,102300.0,101562.1,101647.5,17066.361,2025-01-31 20:59:59.999
2025-01-31 21:00:00,101647.5,102111.0,101509.0,102099.9,7539.295,2025-01-31 21:59:59.999
2025-01-31 22:00:00,102100.0,102443.9,101867.7,102212.9,4744.407,2025-01-31 22:59:59.999
2025-01-31 23:00:00,102212.8,102390.5,101900.5,102379.7,2783.077,2025-01-31 23:59:59.999
2025-02-01 00:00:00,102379.8,102538.7,102160.3,102450.2,3437.77,2025-02-01 00:59:59.999
2025-02-01 01:00:00,102450.2,102727.7,102410.0,102521.2,2968.827,2025-02-01 01:59:59.999
2025-02-01 02:00:00,102521.1,102734.9,102333.0,102407.0,2501.729,2025-02-01 02:59:59.999
2025-02-01 03:00:00,102406.6,102465.1,102131.0,102203.9,2353.072,2025-02-01 03:59:59.999
2025-02-01 04:00:00,102203.8,102444.0,102058.8,102271.1,2859.106,2025-02-01 04:59:59.999
2025-02-01 05:00:00,102271.0,102543.0,102190.1,102445.0,1574.139,2025-02-01 05:59:59.999
2025-02-01 06:00:00,102445.0,102533.1,102126.1,102366.8,1549.815,2025-02-01 06:59:59.999
2025-02-01 07:00:00,102366.7,102444.9,102108.1,102127.0,1702.876,2025-02-01 07:59:59.999
2025-02-01 08:00:00,102127.0,102242.3,101780.1,101975.9,3935.165,2025-02-01 08:59:59.999
2025-02-01 09:00:00,101975.9,101980.1,101344.0,101639.0,6750.1,2025-02-01 09:59:59.999
2025-02-01 10:00:00,101639.0,101936.7,101581.9,101597.6,4261.282,2025-02-01 10:59:59.999
2025-02-01 11:00:00,101597.5,102020.0,101597.5,101980.1,2773.408,2025-02-01 11:59:59.999
2025-02-01 12:00:00,101980.0,102297.0,101956.4,102229.2,3207.088,2025-02-01 12:59:59.999
2025-02-01 13:00:00,102229.3,102244.6,101774.9,101833.4,3022.321,2025-02-01 13:59:59.999
2025-02-01 14:00:00,101833.8,102130.0,101770.0,101779.3,2984.169,2025-02-01 14:59:59.999
2025-02-01 15:00:00,101779.3,102187.9,101680.0,102031.5,3851.878,2025-02-01 15:59:59.999
2025-02-01 16:00:00,102031.6,102185.2,101826.8,101860.0,1975.335,2025-02-01 16:59:59.999
2025-02-01 17:00:00,101860.0,102250.0,101856.8,102219.0,3160.278,2025-02-01 17:59:59.999
2025-02-01 18:00:00,102219.0,102238.1,101923.0,101958.3,1668.14,2025-02-01 18:59:59.999
2025-02-01 19:00:00,101958.2,101990.0,101392.9,101620.1,5547.524,2025-02-01 19:59:59.999
2025-02-01 20:00:00,101620.1,101620.1,100889.0,101295.5,9869.46,2025-02-01 20:59:59.999
2025-02-01 21:00:00,101295.4,101544.2,100949.4,101149.9,4598.252,2025-02-01 21:59:59.999
2025-02-01 22:00:00,101149.9,101387.8,100437.6,100615.1,7094.899,2025-02-01 22:59:59.999
2025-02-01 23:00:00,100615.1,100845.5,100215.0,100603.6,7216.458,2025-02-01 23:59:59.999
2025-02-02 00:00:00,100603.6,101248.9,100452.9,101208.6,4946.967,2025-02-02 00:59:59.999
2025-02-02 01:00:00,101208.7,101426.0,101119.0,101214.6,2801.904,2025-02-02 01:59:59.999
2025-02-02 02:00:00,101214.6,101238.7,100368.9,100401.4,4644.218,2025-02-02 02:59:59.999
2025-02-02 03:00:00,100401.4,100725.7,99111.0,99160.8,19668.97,2025-02-02 03:59:59.999
2025-02-02 04:00:00,99160.8,99826.8,98989.0,99490.1,9546.752,2025-02-02 04:59:59.999
2025-02-02 05:00:00,99490.1,100300.0,99441.0,100211.9,5375.384,2025-02-02 05:59:59.999
2025-02-02 06:00:00,100212.0,100470.1,100058.4,100227.7,4052.933,2025-02-02 06:59:59.999
2025-02-02 07:00:00,100227.7,100233.5,99560.3,99586.2,5513.377,2025-02-02 07:59:59.999
2025-02-02 08:00:00,99586.2,100071.0,99288.0,99782.0,5383.391,2025-02-02 08:59:59.999
2025-02-02 09:00:00,99782.1,99824.4,99295.0,99639.9,4687.191,2025-02-02 09:59:59.999
2025-02-02 10:00:00,99640.0,99640.1,99200.0,99370.3,4763.702,2025-02-02 10:59:59.999
2025-02-02 11:00:00,99370.4,99550.6,98550.0,98811.6,10622.145,2025-02-02 11:59:59.999
2025-02-02 12:00:00,98811.5,99115.7,98100.0,98124.4,10671.996,2025-02-02 12:59:59.999
2025-02-02 13:00:00,98124.5,98789.3,98112.0,98750.0,8012.861,2025-02-02 13:59:59.999
2025-02-02 14:00:00,98750.1,99384.5,98660.0,99158.2,8951.799,2025-02-02 14:59:59.999
2025-02-02 15:00:00,99158.2,99365.5,98670.0,99298.6,6275.997,2025-02-02 15:59:59.999
2025-02-02 16:00:00,99298.6,99319.0,98046.9,98222.2,9958.321,2025-02-02 16:59:59.999
2025-02-02 17:00:00,98222.3,98588.8,96927.9,97203.3,23236.342,2025-02-02 17:59:59.999
2025-02-02 18:00:00,97204.0,97893.4,96750.1,97050.5,17050.568,2025-02-02 18:59:59.999
2025-02-02 19:00:00,97050.5,98667.2,96759.1,98232.0,16978.233,2025-02-02 19:59:59.999
2025-02-02 20:00:00,98232.0,98594.9,97618.2,97759.1,6297.099,2025-02-02 20:59:59.999
2025-02-02 21:00:00,97759.0,97947.4,96520.0,96998.8,11530.041,2025-02-02 21:59:59.999
2025-02-02 22:00:00,96999.0,97999.0,96029.6,97971.6,15335.292,2025-02-02 22:59:59.999
2025-02-02 23:00:00,97971.6,97985.8,96500.0,97664.5,16629.21,2025-02-02 23:59:59.999
2025-02-03 00:00:00,97664.5,97748.0,95325.6,96464.6,34075.578,2025-02-03 00:59:59.999
2025-02-03 01:00:00,96464.5,96875.7,91800.1,93408.4,64589.659,2025-02-03 01:59:59.999
2025-02-03 02:00:00,93408.4,94983.2,91130.3,93539.1,54384.586,2025-02-03 02:59:59.999
2025-02-03 03:00:00,93539.2,94645.4,93400.0,94001.6,15604.173,2025-02-03 03:59:59.999
2025-02-03 04:00:00,94001.6,94461.0,92595.7,92765.2,13434.797,2025-02-03 04:59:59.999
2025-02-03 05:00:00,92765.2,94249.5,92739.1,94171.9,8968.238,2025-02-03 05:59:59.999
2025-02-03 06:00:00,94171.9,94578.5,93605.1,93872.7,8849.074,2025-02-03 06:59:59.999
2025-02-03 07:00:00,93872.7,95373.1,93805.7,95271.1,9229.347,2025-02-03 07:59:59.999
2025-02-03 08:00:00,95271.1,95582.9,94793.8,95281.5,11128.222,2025-02-03 08:59:59.999
2025-02-03 09:00:00,95281.6,95891.9,95180.0,95227.2,11061.527,2025-02-03 09:59:59.999
2025-02-03 10:00:00,95227.2,95693.0,94716.5,95669.0,8663.022,2025-02-03 10:59:59.999
2025-02-03 11:00:00,95668.9,95676.0,94905.3,95070.8,5241.941,2025-02-03 11:59:59.999
2025-02-03 12:00:00,95070.9,95585.0,94731.0,94731.0,7568.378,2025-02-03 12:59:59.999
2025-02-03 13:00:00,94731.0,95360.6,94336.2,94615.5,10740.954,2025-02-03 13:59:59.999
2025-02-03 14:00:00,94615.5,96680.0,94111.0,96540.3,30199.725,2025-02-03 14:59:59.999
2025-02-03 15:00:00,96540.3,99501.4,96133.0,98802.7,43319.281,2025-02-03 15:59:59.999
2025-02-03 16:00:00,98802.8,99007.0,98119.6,98508.5,18406.009,2025-02-03 16:59:59.999
2025-02-03 17:00:00,98508.5,99278.1,97993.3,99150.1,15895.239,2025-02-03 17:59:59.999
2025-02-03 18:00:00,99150.0,99900.2,98877.7,99773.0,16077.381,2025-02-03 18:59:59.999
2025-02-03 19:00:00,99772.9,101832.0,99521.4,101831.9,23519.976,2025-02-03 19:59:59.999
2025-02-03 20:00:00,101831.9,101900.0,100946.7,101034.5,17575.287,2025-02-03 20:59:59.999
2025-02-03 21:00:00,101034.6,101923.0,100861.0,101741.8,9949.553,2025-02-03 21:59:59.999
2025-02-03 22:00:00,101743.3,102456.0,101435.5,101648.5,11503.809,2025-02-03 22:59:59.999
2025-02-03 23:00:00,101648.4,101785.3,101210.5,101293.7,5102.278,2025-02-03 23:59:59.999
2025-02-04 00:00:00,101293.6,101618.8,101001.0,101026.4,5651.544,2025-02-04 00:59:59.999
2025-02-04 01:00:00,101026.3,101729.3,100700.0,101340.4,7816.969,2025-02-04 01:59:59.999
2025-02-04 02:00:00,101340.3,101392.7,100760.2,100811.4,3730.481,2025-02-04 02:59:59.999
2025-02-04 03:00:00,100811.4,101000.0,100500.1,100597.1,4477.349,2025-02-04 03:59:59.999
2025-02-04 04:00:00,100597.2,100736.3,99951.7,100008.5,8183.448,2025-02-04 04:59:59.999
2025-02-04 05:00:00,100008.6,100055.1,98183.0,98818.3,26659.89,2025-02-04 05:59:59.999
2025-02-04 06:00:00,98818.3,99591.7,98774.2,99318.9,9711.409,2025-02-04 06:59:59.999
2025-02-04 07:00:00,99319.0,99436.0,98274.2,98405.1,7462.254,2025-02-04 07:59:59.999
2025-02-04 08:00:00,98405.1,98686.9,97792.8,98245.0,10883.558,2025-02-04 08:59:59.999
2025-02-04 09:00:00,98244.9,98771.3,98209.0,98307.7,5308.946,2025-02-04 09:59:59.999
2025-02-04 10:00:00,98307.6,98933.3,98301.5,98742.0,4731.145,2025-02-04 10:59:59.999
2025-02-04 11:00:00,98742.0,99387.0,98702.3,98924.0,8802.881,2025-02-04 11:59:59.999
2025-02-04 12:00:00,98924.1,99767.0,98924.1,99326.0,7197.702,2025-02-04 12:59:59.999
2025-02-04 13:00:00,99325.9,99508.0,98911.7,98967.6,5667.471,2025-02-04 13:59:59.999
2025-02-04 14:00:00,98967.5,100371.0,98536.0,99942.9,21611.144,2025-02-04 14:59:59.999
2025-02-04 15:00:00,99942.9,100195.7,98215.7,99310.6,20696.616,2025-02-04 15:59:59.999
2025-02-04 16:00:00,99310.5,99915.2,99000.0,99020.5,7948.439,2025-02-04 16:59:59.999
2025-02-04 17:00:00,99020.6,99588.2,98800.0,99143.8,7229.335,2025-02-04 17:59:59.999
2025-02-04 18:00:00,99143.7,99555.0,98739.8,99374.4,4613.301,2025-02-04 18:59:59.999
2025-02-04 19:00:00,99374.4,100743.6,98724.1,98811.8,18993.852,2025-02-04 19:59:59.999
2025-02-04 20:00:00,98812.0,99400.0,97907.1,98596.6,23478.698,2025-02-04 20:59:59.999
2025-02-04 21:00:00,98597.1,98616.8,96351.0,96456.5,22436.589,2025-02-04 21:59:59.999
2025-02-04 22:00:00,96456.5,97899.0,96100.0,97639.7,13422.132,2025-02-04 22:59:59.999
2025-02-04 23:00:00,97639.7,98188.1,97425.2,97709.9,6031.05,2025-02-04 23:59:59.999
2025-02-05 00:00:00,97710.0,98360.0,97656.1,98213.0,4662.237,2025-02-05 00:59:59.999
2025-02-05 01:00:00,98213.0,98914.4,97632.9,97809.0,7688.263,2025-02-05 01:59:59.999
2025-02-05 02:00:00,97809.0,98150.0,97069.0,97933.3,11275.809,2025-02-05 02:59:59.999
2025-02-05 03:00:00,97933.3,98278.1,97727.1,97989.5,3062.703,2025-02-05 03:59:59.999
2025-02-05 04:00:00,97989.5,98300.0,97857.5,98000.0,2410.152,2025-02-05 04:59:59.999
2025-02-05 05:00:00,97999.9,98285.0,97622.6,98107.1,4319.077,2025-02-05 05:59:59.999
2025-02-05 06:00:00,98107.1,98190.0,97518.5,97618.3,4948.128,2025-02-05 06:59:59.999
2025-02-05 07:00:00,97618.3,97931.8,97320.0,97814.9,6207.588,2025-02-05 07:59:59.999
2025-02-05 08:00:00,97814.9,97994.0,97521.4,97573.4,2991.988,2025-02-05 08:59:59.999
2025-02-05 09:00:00,97573.5,97920.0,97206.0,97371.3,3988.658,2025-02-05 09:59:59.999
2025-02-05 10:00:00,97371.2,97992.1,97324.4,97691.8,3415.928,2025-02-05 10:59:59.999
2025-02-05 11:00:00,97691.7,98178.0,97666.0,98161.7,5072.202,2025-02-05 11:59:59.999
2025-02-05 12:00:00,98161.7,98678.0,97950.0,98018.4,8301.365,2025-02-05 12:59:59.999
2025-02-05 13:00:00,98018.4,98651.8,97906.1,98527.4,6068.106,2025-02-05 13:59:59.999
2025-02-05 14:00:00,98527.4,99124.2,98073.3,98250.8,10006.452,2025-02-05 14:59:59.999
2025-02-05 15:00:00,98250.8,98529.7,97709.9,98063.3,9673.056,2025-02-05 15:59:59.999
2025-02-05 16:00:00,98063.3,98262.3,97269.1,97936.9,10058.876,2025-02-05 16:59:59.999
2025-02-05 17:00:00,97937.0,98220.0,97293.1,97501.5,6736.804,2025-02-05 17:59:59.999
2025-02-05 18:00:00,97501.6,97654.7,96458.0,96680.0,10227.749,2025-02-05 18:59:59.999
2025-02-05 19:00:00,96680.1,97467.9,96442.1,97327.1,6396.058,2025-02-05 19:59:59.999
2025-02-05 20:00:00,97327.2,97662.6,96824.8,97270.1,6576.998,2025-02-05 20:59:59.999
2025-02-05 21:00:00,97270.1,97495.6,96713.3,96884.1,4472.914,2025-02-05 21:59:59.999
2025-02-05 22:00:00,96884.1,97018.9,96220.1,96412.9,7088.594,2025-02-05 22:59:59.999
2025-02-05 23:00:00,96413.0,96823.0,96106.1,96553.2,5729.961,2025-02-05 23:59:59.999
2025-02-06 00:00:00,96553.2,96954.5,96373.4,96777.1,5592.078,2025-02-06 00:59:59.999
2025-02-06 01:00:00,96777.1,97185.9,96584.5,97116.1,4084.486,2025-02-06 01:59:59.999
2025-02-06 02:00:00,97116.0,97419.3,97041.0,97313.7,2647.788,2025-02-06 02:59:59.999
2025-02-06 03:00:00,97313.6,97460.0,97024.9,97305.6,2434.079,2025-02-06 03:59:59.999
2025-02-06 04:00:00,97305.6,97800.0,97215.2,97573.1,3435.599,2025-02-06 04:59:59.999
2025-02-06 05:00:00,97573.0,97843.2,97541.6,97775.2,2117.723,2025-02-06 05:59:59.999
2025-02-06 06:00:00,97775.2,98390.5,97640.7,98333.0,5605.226,2025-02-06 06:59:59.999
2025-02-06 07:00:00,98333.0,98333.0,97960.0,98164.9,4366.482,2025-02-06 07:59:59.999
2025-02-06 08:00:00,98164.9,98289.9,97880.0,98089.9,3350.478,2025-02-06 08:59:59.999
2025-02-06 09:00:00,98090.0,98699.9,98060.1,98566.4,6485.496,2025-02-06 09:59:59.999
2025-02-06 10:00:00,98566.4,99033.6,98566.4,98980.1,6339.478,2025-02-06 10:59:59.999
2025-02-06 11:00:00,98980.0,99093.0,98351.7,98826.3,8437.018,2025-02-06 11:59:59.999
2025-02-06 12:00:00,98826.3,99019.9,98252.3,98314.1,6358.924,2025-02-06 12:59:59.999
2025-02-06 13:00:00,98314.1,98745.6,98122.0,98563.5,7390.254,2025-02-06 13:59:59.999
2025-02-06 14:00:00,98563.5,98922.1,97712.7,97797.1,13356.868,2025-02-06 14:59:59.999
2025-02-06 15:00:00,97797.1,98025.4,96866.9,97285.6,15318.114,2025-02-06 15:59:59.999
2025-02-06 16:00:00,97285.7,97500.0,96337.2,96542.5,12526.7,2025-02-06 16:59:59.999
2025-02-06 17:00:00,96542.5,97154.2,96330.0,96662.7,9224.118,2025-02-06 17:59:59.999
2025-02-06 18:00:00,96662.7,96797.1,95811.1,96274.1,11528.503,2025-02-06 18:59:59.999
2025-02-06 19:00:00,96274.1,96883.1,95613.5,95946.1,9953.509,2025-02-06 19:59:59.999
2025-02-06 20:00:00,95946.0,97041.4,95736.0,96884.2,7166.574,2025-02-06 20:59:59.999
2025-02-06 21:00:00,96884.2,96913.2,96050.4,96780.0,6014.969,2025-02-06 21:59:59.999
2025-02-06 22:00:00,96779.9,96923.0,96036.0,96923.0,4223.16,2025-02-06 22:59:59.999
2025-02-06 23:00:00,96923.0,96923.0,96161.1,96515.1,3563.389,2025-02-06 23:59:59.999
2025-02-07 00:00:00,96515.0,96896.7,96358.3,96460.9,3996.828,2025-02-07 00:59:59.999
2025-02-07 01:00:00,96460.9,97805.8,96456.2,97350.9,5440.99,2025-02-07 01:59:59.999
2025-02-07 02:00:00,97350.8,97586.0,97021.3,97534.2,4760.42,2025-02-07 02:59:59.999
2025-02-07 03:00:00,97534.2,97727.7,97200.0,97410.2,2414.032,2025-02-07 03:59:59.999
2025-02-07 04:00:00,97410.2,97835.0,97340.0,97383.0,3554.136,2025-02-07 04:59:59.999
2025-02-07 05:00:00,97383.1,97500.0,97099.6,97305.9,2698.123,2025-02-07 05:59:59.999
2025-02-07 06:00:00,97305.9,97327.6,96536.5,96714.2,6777.922,2025-02-07 06:59:59.999
2025-02-07 07:00:00,96714.2,97182.5,96600.0,96705.1,4716.255,2025-02-07 07:59:59.999
2025-02-07 08:00:00,96705.0,97233.0,96566.3,96980.0,4108.986,2025-02-07 08:59:59.999
2025-02-07 09:00:00,96979.9,97349.9,96979.9,97239.8,3175.756,2025-02-07 09:59:59.999
2025-02-07 10:00:00,97239.8,97450.0,97198.8,97220.0,2639.951,2025-02-07 10:59:59.999
2025-02-07 11:00:00,97219.9,97722.3,97219.9,97703.8,4744.828,2025-02-07 11:59:59.999
2025-02-07 12:00:00,97703.8,97984.0,97448.8,97917.3,5943.96,2025-02-07 12:59:59.999
2025-02-07 13:00:00,97918.6,98815.6,97150.0,98787.9,23442.156,2025-02-07 13:59:59.999
2025-02-07 14:00:00,98787.4,100112.4,98639.0,99672.7,28272.003,2025-02-07 14:59:59.999
2025-02-07 15:00:00,99672.6,99673.3,97551.0,98257.1,40869.356,2025-02-07 15:59:59.999
2025-02-07 16:00:00,98257.1,98535.5,97611.0,97789.1,16753.642,2025-02-07 16:59:59.999
2025-02-07 17:00:00,97789.2,98130.8,97100.0,97378.0,11235.693,2025-02-07 17:59:59.999
2025-02-07 18:00:00,97378.0,98328.3,97248.2,97700.0,7122.175,2025-02-07 18:59:59.999
2025-02-07 19:00:00,97699.9,97788.1,96817.0,96840.1,9959.335,2025-02-07 19:59:59.999
2025-02-07 20:00:00,96840.0,96885.6,95555.0,95717.5,14812.091,2025-02-07 20:59:59.999
2025-02-07 21:00:00,95717.6,96107.2,95625.6,95966.1,6606.954,2025-02-07 21:59:59.999
2025-02-07 22:00:00,95966.2,96058.0,95568.0,96014.3,4191.508,2025-02-07 22:59:59.999
2025-02-07 23:00:00,96014.2,96478.5,95811.5,96454.5,5136.529,2025-02-07 23:59:59.999
2025-02-08 00:00:00,96454.5,96812.9,96288.0,96613.1,4470.533,2025-02-08 00:59:59.999
2025-02-08 01:00:00,96613.1,96733.3,96319.1,96479.2,2703.502,2025-02-08 01:59:59.999
2025-02-08 02:00:00,96479.2,96785.7,96360.0,96715.4,2383.332,2025-02-08 02:59:59.999
2025-02-08 03:00:00,96715.4,96850.0,96497.3,96660.0,2869.089,2025-02-08 03:59:59.999
2025-02-08 04:00:00,96660.0,96660.1,96168.8,96266.8,2944.815,2025-02-08 04:59:59.999
2025-02-08 05:00:00,96266.7,96323.0,96008.7,96165.0,3162.008,2025-02-08 05:59:59.999
2025-02-08 06:00:00,96164.9,96183.8,95835.8,95951.4,2826.203,2025-02-08 06:59:59.999
2025-02-08 07:00:00,95951.3,96249.9,95714.4,96153.4,4222.138,2025-02-08 07:59:59.999
2025-02-08 08:00:00,96153.4,96248.3,95834.0,95844.1,3024.583,2025-02-08 08:59:59.999
2025-02-08 09:00:00,95844.1,96157.4,95844.1,96123.2,1937.354,2025-02-08 09:59:59.999
2025-02-08 10:00:00,96123.3,96245.3,95956.4,96001.6,2390.612,2025-02-08 10:59:59.999
2025-02-08 11:00:00,96001.6,96085.7,95805.0,96074.1,2534.536,2025-02-08 11:59:59.999
2025-02-08 12:00:00,96074.0,96218.1,95863.1,96017.5,2938.98,2025-02-08 12:59:59.999
2025-02-08 13:00:00,96017.4,96466.0,95956.7,96200.1,3760.969,2025-02-08 13:59:59.999
2025-02-08 14:00:00,96200.0,96336.7,95890.9,96062.3,3199.202,2025-02-08 14:59:59.999
2025-02-08 15:00:00,96062.3,96169.2,95600.0,95798.0,4940.85,2025-02-08 15:59:59.999
2025-02-08 16:00:00,95798.0,96099.0,95685.6,96082.8,4030.079,2025-02-08 16:59:59.999
2025-02-08 17:00:00,96084.8,96350.2,96084.8,96328.6,3344.377,2025-02-08 17:59:59.999
2025-02-08 18:00:00,96328.7,96483.9,96177.5,96462.6,2384.504,2025-02-08 18:59:59.999
2025-02-08 19:00:00,96462.6,96725.2,96340.0,96550.0,3532.789,2025-02-08 19:59:59.999
2025-02-08 20:00:00,96550.0,96600.0,96313.1,96421.5,1679.565,2025-02-08 20:59:59.999
2025-02-08 21:00:00,96421.6,96573.3,96311.6,96499.4,1267.085,2025-02-08 21:59:59.999
2025-02-08 22:00:00,96499.5,96673.5,96331.2,96441.5,1231.571,2025-02-08 22:59:59.999
2025-02-08 23:00:00,96441.6,96647.5,96390.5,96411.9,1271.756,2025-02-08 23:59:59.999
2025-02-09 00:00:00,96412.0,96550.9,96306.5,96520.1,1406.94,2025-02-09 00:59:59.999
2025-02-09 01:00:00,96520.0,96946.4,96439.3,96934.6,4152.511,2025-02-09 01:59:59.999
2025-02-09 02:00:00,96934.7,97024.0,96638.9,96688.8,2988.531,2025-02-09 02:59:59.999
2025-02-09 03:00:00,96688.9,97284.1,96651.3,97278.4,4072.856,2025-02-09 03:59:59.999
2025-02-09 04:00:00,97278.3,97301.7,96923.0,97187.0,2891.811,2025-02-09 04:59:59.999
2025-02-09 05:00:00,97187.1,97200.0,96963.4,96990.5,1141.844,2025-02-09 05:59:59.999
2025-02-09 06:00:00,96990.5,97035.5,96738.3,96963.7,2447.489,2025-02-09 06:59:59.999
2025-02-09 07:00:00,96963.7,97089.7,96888.1,97020.0,1411.137,2025-02-09 07:59:59.999
2025-02-09 08:00:00,97020.0,97279.3,97003.7,97032.2,2495.295,2025-02-09 08:59:59.999
2025-02-09 09:00:00,97032.2,97044.9,96837.9,96882.7,1960.814,2025-02-09 09:59:59.999
2025-02-09 10:00:00,96882.7,96888.0,96603.5,96731.0,5033.007,2025-02-09 10:59:59.999
2025-02-09 11:00:00,96731.1,96998.4,96498.5,96511.2,4239.97,2025-02-09 11:59:59.999
2025-02-09 12:00:00,96511.2,96663.6,96309.6,96493.2,3400.015,2025-02-09 12:59:59.999
2025-02-09 13:00:00,96493.2,96508.9,95766.7,95835.5,7160.043,2025-02-09 13:59:59.999
2025-02-09 14:00:00,95835.5,96293.6,95633.6,96080.1,5790.51,2025-02-09 14:59:59.999
2025-02-09 15:00:00,96080.1,96619.9,96070.0,96438.0,5085.57,2025-02-09 15:59:59.999
2025-02-09 16:00:00,96438.0,96510.9,96277.8,96406.2,2521.252,2025-02-09 16:59:59.999
2025-02-09 17:00:00,96406.3,96541.6,95900.0,96130.1,3474.874,2025-02-09 17:59:59.999
2025-02-09 18:00:00,96130.0,96243.6,95932.3,96166.4,1591.781,2025-02-09 18:59:59.999
2025-02-09 19:00:00,96166.5,96240.2,95828.0,96011.4,2686.193,2025-02-09 19:59:59.999
2025-02-09 20:00:00,96011.4,96750.0,95991.0,96277.0,5111.212,2025-02-09 20:59:59.999
2025-02-09 21:00:00,96277.0,96300.0,94650.1,95120.9,14811.577,2025-02-09 21:59:59.999
2025-02-09 22:00:00,95121.0,96417.5,94718.4,95779.9,10706.232,2025-02-09 22:59:59.999
2025-02-09 23:00:00,95779.8,96547.0,95674.7,96423.6,4595.822,2025-02-09 23:59:59.999
2025-02-10 00:00:00,96423.6,97091.8,96414.0,96677.7,7937.042,2025-02-10 00:59:59.999
2025-02-10 01:00:00,96677.7,96802.4,95200.1,95544.0,8729.667,2025-02-10 01:59:59.999
2025-02-10 02:00:00,95544.0,96030.6,95359.5,95764.4,5858.843,2025-02-10 02:59:59.999
2025-02-10 03:00:00,95764.4,97063.4,95730.0,96770.0,9823.194,2025-02-10 03:59:59.999
2025-02-10 04:00:00,96770.0,97149.4,96591.8,96905.2,5090.538,2025-02-10 04:59:59.999
2025-02-10 05:00:00,96905.2,97634.0,96739.5,96979.6,9682.331,2025-02-10 05:59:59.999
2025-02-10 06:00:00,96979.5,97171.7,96739.1,97115.9,5407.085,2025-02-10 06:59:59.999
2025-02-10 07:00:00,97115.8,97440.2,97047.5,97386.3,3425.848,2025-02-10 07:59:59.999
2025-02-10 08:00:00,97386.3,97859.9,97305.5,97645.3,7449.999,2025-02-10 08:59:59.999
2025-02-10 09:00:00,97645.3,97832.2,97431.9,97630.1,4343.133,2025-02-10 09:59:59.999
2025-02-10 10:00:00,97630.1,97930.0,97554.6,97699.9,4667.31,2025-02-10 10:59:59.999
2025-02-10 11:00:00,97699.9,97858.8,97575.1,97627.2,2487.514,2025-02-10 11:59:59.999
2025-02-10 12:00:00,97627.3,97761.3,97113.4,97328.6,6088.93,2025-02-10 12:59:59.999
2025-02-10 13:00:00,97328.7,98328.0,97324.7,98175.3,8572.529,2025-02-10 13:59:59.999
2025-02-10 14:00:00,98175.3,98275.0,97000.0,97233.8,12384.382,2025-02-10 14:59:59.999
2025-02-10 15:00:00,97233.8,97533.6,96806.6,97187.7,8050.336,2025-02-10 15:59:59.999
2025-02-10 16:00:00,97187.7,97382.3,96828.4,97266.6,5173.871,2025-02-10 16:59:59.999
2025-02-10 17:00:00,97266.6,97491.7,96840.0,97455.1,4807.491,2025-02-10 17:59:59.999
2025-02-10 18:00:00,97455.0,97520.8,97140.9,97519.9,3051.981,2025-02-10 18:59:59.999
2025-02-10 19:00:00,97520.0,97611.0,97212.3,97343.6,2994.627,2025-02-10 19:59:59.999
2025-02-10 20:00:00,97343.6,97451.9,97175.3,97297.6,2133.262,2025-02-10 20:59:59.999
2025-02-10 21:00:00,97297.6,97347.3,97090.3,97340.2,1868.39,2025-02-10 21:59:59.999
2025-02-10 22:00:00,97340.2,97455.5,97227.1,97343.2,1413.911,2025-02-10 22:59:59.999
2025-02-10 23:00:00,97343.2,97410.0,97185.9,97379.2,1490.331,2025-02-10 23:59:59.999
2025-02-11 00:00:00,97379.2,98108.5,97352.2,97733.6,6041.981,2025-02-11 00:59:59.999
2025-02-11 01:00:00,97733.6,98055.1,97725.4,97946.0,3071.361,2025-02-11 01:59:59.999
2025-02-11 02:00:00,97946.1,98073.8,97420.4,97719.9,3761.83,2025-02-11 02:59:59.999
2025-02-11 03:00:00,97719.9,97725.6,97435.9,97565.5,2224.962,2025-02-11 03:59:59.999
2025-02-11 04:00:00,97565.4,98200.0,97514.6,98019.0,4958.667,2025-02-11 04:59:59.999
2025-02-11 05:00:00,98019.1,98482.2,97962.8,98378.8,5271.687,2025-02-11 05:59:59.999
2025-02-11 06:00:00,98378.9,98450.1,98082.8,98379.0,3388.475,2025-02-11 06:59:59.999
2025-02-11 07:00:00,98379.0,98432.4,98222.0,98231.1,2933.287,2025-02-11 07:59:59.999
2025-02-11 08:00:00,98231.2,98306.9,98073.8,98199.9,2804.494,2025-02-11 08:59:59.999
2025-02-11 09:00:00,98199.8,98276.7,97851.1,97960.4,3039.415,2025-02-11 09:59:59.999
2025-02-11 10:00:00,97960.3,98100.0,97844.0,97915.0,2369.8,2025-02-11 10:59:59.999
2025-02-11 11:00:00,97915.0,98197.0,97834.3,98100.0,2369.178,2025-02-11 11:59:59.999
2025-02-11 12:00:00,98100.1,98112.2,97621.0,97726.2,6009.177,2025-02-11 12:59:59.999
2025-02-11 13:00:00,97726.2,97798.3,96600.5,96730.8,12553.178,2025-02-11 13:59:59.999
2025-02-11 14:00:00,96731.8,97267.3,96529.3,96905.0,13135.086,2025-02-11 14:59:59.999
2025-02-11 15:00:00,96904.9,97206.9,96556.3,96963.3,8448.495,2025-02-11 15:59:59.999
2025-02-11 16:00:00,96963.2,97002.0,96253.1,96328.0,9222.635,2025-02-11 16:59:59.999
2025-02-11 17:00:00,96328.0,96346.1,95915.9,96120.0,9098.327,2025-02-11 17:59:59.999
2025-02-11 18:00:00,96120.1,96124.4,95362.8,95433.3,12930.957,2025-02-11 18:59:59.999
2025-02-11 19:00:00,95433.3,95622.0,94814.3,94988.0,12203.68,2025-02-11 19:59:59.999
2025-02-11 20:00:00,94988.0,95400.1,94871.2,95260.0,7828.663,2025-02-11 20:59:59.999
2025-02-11 21:00:00,95260.0,96405.9,95205.6,96344.0,10255.21,2025-02-11 21:59:59.999
2025-02-11 22:00:00,96344.0,96468.5,95288.0,95541.2,6896.421,2025-02-11 22:59:59.999
2025-02-11 23:00:00,95541.3,95924.2,95445.7,95731.4,4015.938,2025-02-11 23:59:59.999
2025-02-12 00:00:00,95731.4,96086.4,95615.2,96017.2,3396.761,2025-02-12 00:59:59.999
2025-02-12 01:00:00,96017.1,96230.0,95765.5,96175.1,2764.873,2025-02-12 01:59:59.999
2025-02-12 02:00:00,96175.1,96187.4,95344.9,95536.7,3703.248,2025-02-12 02:59:59.999
2025-02-12 03:00:00,95536.8,95724.2,95050.0,95251.4,6007.777,2025-02-12 03:59:59.999
2025-02-12 04:00:00,95251.4,95569.9,95213.2,95518.9,3418.437,2025-02-12 04:59:59.999
2025-02-12 05:00:00,95518.9,95891.9,95456.0,95850.7,3192.397,2025-02-12 05:59:59.999
2025-02-12 06:00:00,95850.6,95911.0,95635.2,95777.7,2310.64,2025-02-12 06:59:59.999
2025-02-12 07:00:00,95777.7,96130.1,95754.1,96025.8,3100.869,2025-02-12 07:59:59.999
2025-02-12 08:00:00,96025.1,96437.5,96003.5,96330.1,4810.79,2025-02-12 08:59:59.999
2025-02-12 09:00:00,96330.0,96355.0,96004.0,96101.7,4340.286,2025-02-12 09:59:59.999
2025-02-12 10:00:00,96101.7,96166.5,95860.5,95947.1,3110.189,2025-02-12 10:59:59.999
2025-02-12 11:00:00,95947.2,96357.2,95947.1,96062.4,3068.75,2025-02-12 11:59:59.999
2025-02-12 12:00:00,96062.4,96321.8,95895.7,95952.3,3374.141,2025-02-12 12:59:59.999
2025-02-12 13:00:00,95952.3,96596.3,94003.9,94918.0,44947.119,2025-02-12 13:59:59.999
2025-02-12 14:00:00,94918.0,95635.4,94422.5,95582.9,16972.101,2025-02-12 14:59:59.999
2025-02-12 15:00:00,95582.9,95970.4,94681.0,95762.1,15877.492,2025-02-12 15:59:59.999
2025-02-12 16:00:00,95762.0,97080.0,95074.0,96944.3,15725.471,2025-02-12 16:59:59.999
2025-02-12 17:00:00,96944.3,97700.0,96715.9,97320.0,22133.317,2025-02-12 17:59:59.999
2025-02-12 18:00:00,97321.7,97437.8,96587.5,96881.1,7327.613,2025-02-12 18:59:59.999
2025-02-12 19:00:00,96881.1,97236.3,96299.7,97156.6,6942.994,2025-02-12 19:59:59.999
2025-02-12 20:00:00,97156.7,97605.2,96880.0,96993.9,6550.347,2025-02-12 20:59:59.999
2025-02-12 21:00:00,96994.8,97889.9,96811.2,97610.0,7077.313,2025-02-12 21:59:59.999
2025-02-12 22:00:00,97610.0,98090.9,97378.0,97770.9,7381.335,2025-02-12 22:59:59.999
2025-02-12 23:00:00,97770.8,97979.3,97554.7,97816.3,4913.819,2025-02-12 23:59:59.999
2025-02-13 00:00:00,97816.3,97822.2,97480.0,97779.2,3334.082,2025-02-13 00:59:59.999
2025-02-13 01:00:00,97779.2,98053.8,97693.6,97939.9,3658.081,2025-02-13 01:59:59.999
2025-02-13 02:00:00,97939.9,97940.0,97309.1,97433.6,3531.121,2025-02-13 02:59:59.999
2025-02-13 03:00:00,97433.7,97593.9,97401.6,97463.4,2005.056,2025-02-13 03:59:59.999
2025-02-13 04:00:00,97463.4,97519.3,96723.0,96905.0,5505.73,2025-02-13 04:59:59.999
2025-02-13 05:00:00,96905.1,96905.1,96455.0,96628.8,6340.574,2025-02-13 05:59:59.999
2025-02-13 06:00:00,96628.8,96716.7,95706.8,96010.0,11977.296,2025-02-13 06:59:59.999
2025-02-13 07:00:00,96010.0,96185.0,95807.0,96018.5,5704.65,2025-02-13 07:59:59.999
2025-02-13 08:00:00,96018.5,96128.7,95645.5,95888.2,5530.613,2025-02-13 08:59:59.999
2025-02-13 09:00:00,95888.1,96248.0,95732.0,96204.9,4856.211,2025-02-13 09:59:59.999
2025-02-13 10:00:00,96205.0,96288.9,96047.2,96115.5,2895.288,2025-02-13 10:59:59.999
2025-02-13 11:00:00,96115.5,96237.0,95500.0,95883.6,7037.827,2025-02-13 11:59:59.999
2025-02-13 12:00:00,95883.6,96027.0,95658.5,95775.1,4002.389,2025-02-13 12:59:59.999
2025-02-13 13:00:00,95775.1,96250.0,95618.5,96028.1,9659.476,2025-02-13 13:59:59.999
2025-02-13 14:00:00,96028.1,96056.5,95288.5,95818.6,10599.288,2025-02-13 14:59:59.999
2025-02-13 15:00:00,95818.6,96432.4,95506.0,95943.5,13513.265,2025-02-13 15:59:59.999
2025-02-13 16:00:00,95943.2,95950.0,95160.1,95321.0,8909.685,2025-02-13 16:59:59.999
2025-02-13 17:00:00,95321.0,95970.4,95258.0,95659.0,5386.221,2025-02-13 17:59:59.999
2025-02-13 18:00:00,95659.0,95954.6,95300.0,95935.2,5229.308,2025-02-13 18:59:59.999
2025-02-13 19:00:00,95935.1,96325.0,95500.0,95587.8,6771.793,2025-02-13 19:59:59.999
2025-02-13 20:00:00,95587.9,96250.0,95544.9,96219.7,4531.055,2025-02-13 20:59:59.999
2025-02-13 21:00:00,96219.7,96756.8,96203.7,96429.9,6138.037,2025-02-13 21:59:59.999
2025-02-13 22:00:00,96429.9,96560.9,96212.5,96366.8,2302.949,2025-02-13 22:59:59.999
2025-02-13 23:00:00,96366.8,96587.0,96271.3,96560.6,2820.531,2025-02-13 23:59:59.999
2025-02-14 00:00:00,96560.6,96955.7,96490.7,96708.6,3746.917,2025-02-14 00:59:59.999
2025-02-14 01:00:00,96708.6,96850.0,96309.5,96497.4,3260.9,2025-02-14 01:59:59.999
2025-02-14 02:00:00,96497.3,96787.8,96407.1,96495.2,2899.859,2025-02-14 02:59:59.999
2025-02-14 03:00:00,96495.1,97163.0,96492.8,97094.9,4050.52,2025-02-14 03:59:59.999
2025-02-14 04:00:00,97094.9,97212.0,96707.0,96715.4,4249.375,2025-02-14 04:59:59.999
2025-02-14 05:00:00,96715.3,96870.7,96505.0,96635.9,2782.823,2025-02-14 05:59:59.999
2025-02-14 06:00:00,96636.0,96824.2,96556.2,96786.6,2384.87,2025-02-14 06:59:59.999
2025-02-14 07:00:00,96786.5,97041.9,96765.8,96889.9,3234.131,2025-02-14 07:59:59.999
2025-02-14 08:00:00,96889.9,96979.8,96743.4,96828.0,2350.488,2025-02-14 08:59:59.999
2025-02-14 09:00:00,96828.1,97127.0,96782.4,97062.0,3032.885,2025-02-14 09:59:59.999
2025-02-14 10:00:00,97062.0,97150.0,96916.4,96965.8,2050.853,2025-02-14 10:59:59.999
2025-02-14 11:00:00,96965.8,97094.5,96750.1,96844.6,2505.323,2025-02-14 11:59:59.999
2025-02-14 12:00:00,96844.6,96844.7,96436.1,96612.3,3741.102,2025-02-14 12:59:59.999
2025-02-14 13:00:00,96612.2,96940.0,96408.2,96740.7,4836.366,2025-02-14 13:59:59.999
2025-02-14 14:00:00,96740.6,97561.1,96520.7,97249.9,10845.558,2025-02-14 14:59:59.999
2025-02-14 15:00:00,97249.9,97372.7,96225.7,96886.5,14970.716,2025-02-14 15:59:59.999
2025-02-14 16:00:00,96886.5,97714.1,96444.6,97626.8,11015.691,2025-02-14 16:59:59.999
2025-02-14 17:00:00,97626.8,98792.8,97095.8,98487.8,20825.106,2025-02-14 17:59:59.999
2025-02-14 18:00:00,98487.8,98707.5,98130.0,98148.3,11175.856,2025-02-14 18:59:59.999
2025-02-14 19:00:00,98148.4,98400.0,97598.2,97898.3,8017.326,2025-02-14 19:59:59.999
2025-02-14 20:00:00,97898.4,98229.1,96920.1,97135.0,8895.21,2025-02-14 20:59:59.999
2025-02-14 21:00:00,97135.0,97444.0,96636.7,97405.0,8245.244,2025-02-14 21:59:59.999
2025-02-14 22:00:00,97405.0,97490.4,96877.9,97081.6,3182.78,2025-02-14 22:59:59.999
2025-02-14 23:00:00,97081.6,97471.0,96944.4,97445.1,2153.058,2025-02-14 23:59:59.999
2025-02-15 00:00:00,97445.2,97461.1,97170.0,97416.8,2650.531,2025-02-15 00:59:59.999
2025-02-15 01:00:00,97416.8,97791.4,97388.8,97753.3,3141.592,2025-02-15 01:59:59.999
2025-02-15 02:00:00,97753.2,97870.0,97582.8,97790.1,2283.219,2025-02-15 02:59:59.999
2025-02-15 03:00:00,97790.1,97941.2,97587.3,97619.4,1976.209,2025-02-15 03:59:59.999
2025-02-15 04:00:00,97619.4,97750.0,97450.0,97481.5,1960.783,2025-02-15 04:59:59.999
2025-02-15 05:00:00,97481.4,97601.1,97412.0,97559.9,1104.234,2025-02-15 05:59:59.999
2025-02-15 06:00:00,97559.9,97623.1,97378.5,97445.9,1438.142,2025-02-15 06:59:59.999
2025-02-15 07:00:00,97446.0,97480.0,97306.3,97312.4,1492.828,2025-02-15 07:59:59.999
2025-02-15 08:00:00,97312.4,97505.0,97255.2,97475.7,1670.307,2025-02-15 08:59:59.999
2025-02-15 09:00:00,97475.7,97562.1,97392.0,97522.0,1306.332,2025-02-15 09:59:59.999
2025-02-15 10:00:00,97522.0,97692.3,97404.0,97610.9,1523.648,2025-02-15 10:59:59.999
2025-02-15 11:00:00,97610.9,97633.6,97431.9,97569.4,1686.501,2025-02-15 11:59:59.999
2025-02-15 12:00:00,97569.5,97797.6,97458.8,97706.1,3207.983,2025-02-15 12:59:59.999
2025-02-15 13:00:00,97706.2,97899.8,97627.2,97667.8,2459.231,2025-02-15 13:59:59.999
2025-02-15 14:00:00,97667.2,97716.0,97377.0,97564.1,3546.052,2025-02-15 14:59:59.999
2025-02-15 15:00:00,97564.2,97679.9,97496.4,97594.5,1950.984,2025-02-15 15:59:59.999
2025-02-15 16:00:00,97594.5,97682.4,97407.6,97494.4,2128.655,2025-02-15 16:59:59.999
2025-02-15 17:00:00,97494.3,97542.4,97274.5,97372.3,2850.362,2025-02-15 17:59:59.999
2025-02-15 18:00:00,97372.3,97545.4,97327.1,97502.0,1423.44,2025-02-15 18:59:59.999
2025-02-15 19:00:00,97502.0,97610.0,97466.9,97496.9,1374.246,2025-02-15 19:59:59.999
2025-02-15 20:00:00,97497.0,97609.3,97370.0,97498.2,1296.698,2025-02-15 20:59:59.999
2025-02-15 21:00:00,97498.2,97647.7,97486.4,97636.6,1259.172,2025-02-15 21:59:59.999
2025-02-15 22:00:00,97636.7,97698.4,97377.6,97502.3,1680.747,2025-02-15 22:59:59.999
2025-02-15 23:00:00,97502.3,97597.7,97376.0,97538.0,2006.697,2025-02-15 23:59:59.999
2025-02-16 00:00:00,97538.0,97665.8,97518.8,97546.0,1128.957,2025-02-16 00:59:59.999
2025-02-16 01:00:00,97546.1,97628.1,97492.6,97593.2,882.031,2025-02-16 01:59:59.999
2025-02-16 02:00:00,97593.2,97619.0,97421.0,97474.7,1864.597,2025-02-16 02:59:59.999
2025-02-16 03:00:00,97474.7,97505.0,97373.1,97504.9,1790.886,2025-02-16 03:59:59.999
2025-02-16 04:00:00,97504.8,97545.8,97420.9,97486.3,1108.081,2025-02-16 04:59:59.999
2025-02-16 05:00:00,97486.3,97638.8,97429.1,97556.0,1058.664,2025-02-16 05:59:59.999
2025-02-16 06:00:00,97556.0,97583.8,97390.1,97442.9,1115.098,2025-02-16 06:59:59.999
2025-02-16 07:00:00,97442.9,97443.0,97137.0,97207.4,2577.531,2025-02-16 07:59:59.999
2025-02-16 08:00:00,97207.4,97293.8,97074.8,97120.4,2534.041,2025-02-16 08:59:59.999
2025-02-16 09:00:00,97120.3,97326.6,97011.0,97322.3,2689.943,2025-02-16 09:59:59.999
2025-02-16 10:00:00,97322.3,97355.0,97122.2,97140.1,1087.687,2025-02-16 10:59:59.999
2025-02-16 11:00:00,97140.1,97299.0,97113.0,97293.1,970.456,2025-02-16 11:59:59.999
2025-02-16 12:00:00,97293.1,97295.7,97055.0,97086.8,1683.846,2025-02-16 12:59:59.999
2025-02-16 13:00:00,97086.8,97194.9,96720.0,96806.2,4787.301,2025-02-16 13:59:59.999
2025-02-16 14:00:00,96806.2,96990.0,96629.5,96920.0,5048.893,2025-02-16 14:59:59.999
2025-02-16 15:00:00,96919.9,97056.7,96849.3,96849.9,2164.994,2025-02-16 15:59:59.999
2025-02-16 16:00:00,96850.0,97079.8,96822.3,97007.9,2219.62,2025-02-16 16:59:59.999
2025-02-16 17:00:00,97008.0,97134.0,96875.7,96923.2,1725.838,2025-02-16 17:59:59.999
2025-02-16 18:00:00,96923.2,96944.4,96572.5,96828.5,3396.208,2025-02-16 18:59:59.999
2025-02-16 19:00:00,96828.6,97077.5,96716.0,97021.5,1659.92,2025-02-16 19:59:59.999
2025-02-16 20:00:00,97021.4,97137.1,96820.0,96864.8,1311.959,2025-02-16 20:59:59.999
2025-02-16 21:00:00,96864.8,97247.6,96818.1,97133.7,2100.23,2025-02-16 21:59:59.999
2025-02-16 22:00:00,97133.7,97148.5,96522.0,96826.7,3012.973,2025-02-16 22:59:59.999
2025-02-16 23:00:00,96826.6,96843.5,96002.0,96067.0,8765.119,2025-02-16 23:59:59.999
2025-02-17 00:00:00,96067.0,96396.4,96000.0,96273.6,3863.588,2025-02-17 00:59:59.999
2025-02-17 01:00:00,96273.6,96499.9,96013.7,96463.7,3020.349,2025-02-17 01:59:59.999
2025-02-17 02:00:00,96463.7,96605.7,96113.3,96188.0,2120.824,2025-02-17 02:59:59.999
2025-02-17 03:00:00,96188.1,96242.0,96024.0,96171.5,2345.999,2025-02-17 03:59:59.999
2025-02-17 04:00:00,96171.4,96230.0,95925.8,95987.0,2650.99,2025-02-17 04:59:59.999
2025-02-17 05:00:00,95987.0,96285.7,95739.6,96198.5,5207.159,2025-02-17 05:59:59.999
2025-02-17 06:00:00,96198.5,96404.6,96165.5,96344.8,2467.707,2025-02-17 06:59:59.999
2025-02-17 07:00:00,96344.7,96421.9,95862.8,96023.8,3301.544,2025-02-17 07:59:59.999
2025-02-17 08:00:00,96023.8,96270.0,95897.1,96109.4,3470.788,2025-02-17 08:59:59.999
2025-02-17 09:00:00,96109.4,96272.1,96046.4,96110.5,2984.698,2025-02-17 09:59:59.999
2025-02-17 10:00:00,96110.4,96347.0,95980.3,96051.2,4011.964,2025-02-17 10:59:59.999
2025-02-17 11:00:00,96051.2,96245.5,95946.4,96018.2,2525.398,2025-02-17 11:59:59.999
2025-02-17 12:00:00,96018.3,96480.0,96009.1,96407.5,3888.29,2025-02-17 12:59:59.999
2025-02-17 13:00:00,96407.5,96449.7,96207.7,96365.0,2421.25,2025-02-17 13:59:59.999
2025-02-17 14:00:00,96365.0,97000.0,96350.0,96763.1,9602.676,2025-02-17 14:59:59.999
2025-02-17 15:00:00,96763.1,96858.0,95491.7,95605.5,13973.908,2025-02-17 15:59:59.999
2025-02-17 16:00:00,95605.5,95900.0,95256.8,95294.4,11113.626,2025-02-17 16:59:59.999
2025-02-17 17:00:00,95294.4,95698.2,95246.1,95434.0,5684.814,2025-02-17 17:59:59.999
2025-02-17 18:00:00,95434.1,95736.8,95202.9,95300.1,4731.597,2025-02-17 18:59:59.999
2025-02-17 19:00:00,95300.0,95560.0,95150.6,95490.8,3279.549,2025-02-17 19:59:59.999
2025-02-17 20:00:00,95490.7,96225.0,95452.8,95929.8,3986.749,2025-02-17 20:59:59.999
2025-02-17 21:00:00,95929.7,96385.4,95869.4,96375.6,4223.038,2025-02-17 21:59:59.999
2025-02-17 22:00:00,96375.6,96386.9,95810.0,95845.8,2622.364,2025-02-17 22:59:59.999
2025-02-17 23:00:00,95845.8,95974.4,95654.3,95743.2,2078.117,2025-02-17 23:59:59.999
2025-02-18 00:00:00,95743.1,96030.0,95508.8,95600.6,3354.998,2025-02-18 00:59:59.999
2025-02-18 01:00:00,95600.6,96277.5,95566.3,96240.0,4432.702,2025-02-18 01:59:59.999
2025-02-18 02:00:00,96240.1,96296.5,95972.2,96032.7,2345.09,2025-02-18 02:59:59.999
2025-02-18 03:00:00,96032.7,96265.1,95960.0,96163.1,1913.104,2025-02-18 03:59:59.999
2025-02-18 04:00:00,96163.1,96267.7,95930.0,96042.1,2442.361,2025-02-18 04:59:59.999
2025-02-18 05:00:00,96042.0,96078.0,95522.0,95576.8,4130.99,2025-02-18 05:59:59.999
2025-02-18 06:00:00,95576.9,95613.8,95199.9,95323.7,8707.604,2025-02-18 06:59:59.999
2025-02-18 07:00:00,95323.7,95675.0,95252.0,95409.9,3441.425,2025-02-18 07:59:59.999
2025-02-18 08:00:00,95409.9,95548.8,95000.0,95193.5,5686.495,2025-02-18 08:59:59.999
2025-02-18 09:00:00,95193.5,95749.8,95110.0,95739.4,4521.498,2025-02-18 09:59:59.999
2025-02-18 10:00:00,95739.3,95849.0,95592.1,95711.0,3299.969,2025-02-18 10:59:59.999
2025-02-18 11:00:00,95711.0,95754.4,95530.2,95606.1,2135.549,2025-02-18 11:59:59.999
2025-02-18 12:00:00,95606.0,96274.1,95563.9,96155.0,6324.529,2025-02-18 12:59:59.999
2025-02-18 13:00:00,96155.0,96459.0,96066.6,96194.3,6206.501,2025-02-18 13:59:59.999
2025-02-18 14:00:00,96194.4,96737.3,95350.8,95495.4,16054.211,2025-02-18 14:59:59.999
2025-02-18 15:00:00,95495.3,95700.0,95115.1,95501.6,10925.442,2025-02-18 15:59:59.999
2025-02-18 16:00:00,95501.6,95595.0,94560.2,94595.0,15713.756,2025-02-18 16:59:59.999
2025-02-18 17:00:00,94595.0,94836.8,94065.0,94074.6,12311.202,2025-02-18 17:59:59.999
2025-02-18 18:00:00,94074.6,94313.6,93559.9,93890.1,18802.353,2025-02-18 18:59:59.999
2025-02-18 19:00:00,93890.0,94365.0,93321.6,94062.1,13049.614,2025-02-18 19:59:59.999
2025-02-18 20:00:00,94062.2,94410.7,93696.4,94164.3,8070.866,2025-02-18 20:59:59.999
2025-02-18 21:00:00,94164.3,95296.0,94082.8,95029.2,16404.597,2025-02-18 21:59:59.999
2025-02-18 22:00:00,95029.2,95501.2,94821.6,95255.1,4607.044,2025-02-18 22:59:59.999
2025-02-18 23:00:00,95255.0,95645.3,95216.6,95622.0,4291.462,2025-02-18 23:59:59.999
2025-02-19 00:00:00,95622.0,95799.8,95222.2,95290.0,6311.569,2025-02-19 00:59:59.999
2025-02-19 01:00:00,95290.0,95437.8,95020.0,95430.9,3722.215,2025-02-19 01:59:59.999
2025-02-19 02:00:00,95431.0,95929.0,95405.0,95788.2,4593.059,2025-02-19 02:59:59.999
2025-02-19 03:00:00,95788.3,95800.0,95533.0,95672.1,3186.954,2025-02-19 03:59:59.999
2025-02-19 04:00:00,95672.2,95729.0,95181.0,95181.0,4076.57,2025-02-19 04:59:59.999
2025-02-19 05:00:00,95181.0,95308.0,95012.5,95247.1,5412.215,2025-02-19 05:59:59.999
2025-02-19 06:00:00,95247.2,95627.0,95203.0,95577.4,3090.715,2025-02-19 06:59:59.999
2025-02-19 07:00:00,95577.4,95816.2,95537.3,95640.4,4377.675,2025-02-19 07:59:59.999
2025-02-19 08:00:00,95640.5,95824.4,95571.2,95589.8,2700.993,2025-02-19 08:59:59.999
2025-02-19 09:00:00,95589.9,95986.1,95573.3,95895.0,3832.185,2025-02-19 09:59:59.999
2025-02-19 10:00:00,95895.0,96443.9,95894.9,96288.0,10194.823,2025-02-19 10:59:59.999
2025-02-19 11:00:00,96287.9,96396.4,96162.0,96392.0,3417.347,2025-02-19 11:59:59.999
2025-02-19 12:00:00,96392.0,96467.7,96125.4,96130.4,4400.946,2025-02-19 12:59:59.999
2025-02-19 13:00:00,96130.3,96454.1,96130.3,96247.4,2992.271,2025-02-19 13:59:59.999
2025-02-19 14:00:00,96247.5,96676.0,95640.6,95717.3,12902.85,2025-02-19 14:59:59.999
2025-02-19 15:00:00,95717.3,96370.0,95494.4,95895.4,12280.212,2025-02-19 15:59:59.999
2025-02-19 16:00:00,95895.4,96335.0,95873.7,96260.3,4533.312,2025-02-19 16:59:59.999
2025-02-19 17:00:00,96260.2,96447.0,96076.9,96357.3,4570.989,2025-02-19 17:59:59.999
2025-02-19 18:00:00,96357.3,96380.1,95600.0,95635.0,5856.636,2025-02-19 18:59:59.999
2025-02-19 19:00:00,95635.0,96196.0,95362.8,96159.9,7472.779,2025-02-19 19:59:59.999
2025-02-19 20:00:00,96159.8,96430.0,96052.3,96124.4,4949.382,2025-02-19 20:59:59.999
2025-02-19 21:00:00,96124.3,96428.0,96011.6,96268.4,2551.135,2025-02-19 21:59:59.999
2025-02-19 22:00:00,96268.4,96574.5,96263.5,96490.8,2415.171,2025-02-19 22:59:59.999
2025-02-19 23:00:00,96490.9,96878.7,96470.5,96598.0,5154.87,2025-02-19 23:59:59.999
2025-02-20 00:00:00,96597.9,96818.3,96366.0,96814.4,2762.58,2025-02-20 00:59:59.999
2025-02-20 01:00:00,96814.4,96997.3,96580.0,96728.5,3674.605,2025-02-20 01:59:59.999
2025-02-20 02:00:00,96728.6,97259.9,96687.6,97092.2,5603.402,2025-02-20 02:59:59.999
2025-02-20 03:00:00,97092.2,97339.8,96942.6,97017.4,4202.405,2025-02-20 03:59:59.999
2025-02-20 04:00:00,97017.4,97310.4,97003.1,97174.3,3268.321,2025-02-20 04:59:59.999
2025-02-20 05:00:00,97174.4,97180.0,96850.0,96870.0,2816.017,2025-02-20 05:59:59.999
2025-02-20 06:00:00,96870.0,96944.8,96743.8,96868.0,2692.201,2025-02-20 06:59:59.999
2025-02-20 07:00:00,96867.9,97049.1,96758.0,96825.8,2100.107,2025-02-20 07:59:59.999
2025-02-20 08:00:00,96825.7,97150.0,96757.2,97096.8,2366.517,2025-02-20 08:59:59.999
2025-02-20 09:00:00,97096.9,97248.1,97096.9,97140.0,2465.225,2025-02-20 09:59:59.999
2025-02-20 10:00:00,97139.9,97332.9,97058.3,97332.9,2304.09,2025-02-20 10:59:59.999
2025-02-20 11:00:00,97332.9,97350.0,97111.4,97164.6,2079.429,2025-02-20 11:59:59.999
2025-02-20 12:00:00,97164.6,97505.7,97164.5,97381.5,4221.571,2025-02-20 12:59:59.999
2025-02-20 13:00:00,97381.5,97529.7,97221.0,97505.8,3748.737,2025-02-20 13:59:59.999
2025-02-20 14:00:00,97505.7,98000.0,96817.7,96918.0,20443.546,2025-02-20 14:59:59.999
2025-02-20 15:00:00,96918.0,97275.0,96756.1,96870.5,12131.531,2025-02-20 15:59:59.999
2025-02-20 16:00:00,96871.1,97945.2,96838.1,97505.3,12426.567,2025-02-20 16:59:59.999
2025-02-20 17:00:00,97505.3,97969.6,97495.3,97915.4,6201.275,2025-02-20 17:59:59.999
2025-02-20 18:00:00,97915.3,98390.0,97902.0,98238.0,10670.772,2025-02-20 18:59:59.999
2025-02-20 19:00:00,98238.0,98480.0,98185.5,98370.0,5605.195,2025-02-20 19:59:59.999
2025-02-20 20:00:00,98369.9,98662.1,98261.3,98405.0,6380.131,2025-02-20 20:59:59.999
2025-02-20 21:00:00,98405.1,98451.5,97952.8,98039.8,4771.758,2025-02-20 21:59:59.999
2025-02-20 22:00:00,98039.8,98341.1,98010.0,98076.7,2796.206,2025-02-20 22:59:59.999
2025-02-20 23:00:00,98076.6,98457.5,98055.0,98252.9,3447.984,2025-02-20 23:59:59.999
2025-02-21 00:00:00,98252.8,98450.0,98030.5,98186.6,2894.791,2025-02-21 00:59:59.999
2025-02-21 01:00:00,98186.6,98307.9,98051.5,98261.9,2386.97,2025-02-21 01:59:59.999
2025-02-21 02:00:00,98261.9,98327.7,98060.0,98065.0,1971.005,2025-02-21 02:59:59.999
2025-02-21 03:00:00,98065.0,98257.0,98030.3,98106.1,2383.382,2025-02-21 03:59:59.999
2025-02-21 04:00:00,98106.0,98232.0,98072.4,98164.8,2035.744,2025-02-21 04:59:59.999
2025-02-21 05:00:00,98164.9,98355.0,98117.5,98290.0,1875.659,2025-02-21 05:59:59.999
2025-02-21 06:00:00,98290.1,98380.0,98251.1,98355.0,1916.22,2025-02-21 06:59:59.999
2025-02-21 07:00:00,98355.0,98555.0,98106.5,98130.0,4010.292,2025-02-21 07:59:59.999
2025-02-21 08:00:00,98129.9,98215.3,98086.9,98167.0,2705.962,2025-02-21 08:59:59.999
2025-02-21 09:00:00,98167.0,98888.0,98057.5,98285.2,11095.767,2025-02-21 09:59:59.999
2025-02-21 10:00:00,98285.1,98622.5,98180.0,98563.4,4025.398,2025-02-21 10:59:59.999
2025-02-21 11:00:00,98563.4,98768.0,98433.7,98579.7,3872.367,2025-02-21 11:59:59.999
2025-02-21 12:00:00,98579.7,98922.7,98476.0,98861.4,5615.119,2025-02-21 12:59:59.999
2025-02-21 13:00:00,98861.4,99431.5,98745.6,99281.9,14237.858,2025-02-21 13:59:59.999
2025-02-21 14:00:00,99281.7,99328.0,98289.9,98740.1,17656.944,2025-02-21 14:59:59.999
2025-02-21 15:00:00,98740.1,99284.0,97143.0,98057.6,47891.869,2025-02-21 15:59:59.999
2025-02-21 16:00:00,98057.6,98720.0,97673.0,98183.1,18341.746,2025-02-21 16:59:59.999
2025-02-21 17:00:00,98183.2,98394.9,96775.6,96929.5,23140.009,2025-02-21 17:59:59.999
2025-02-21 18:00:00,96929.5,97192.9,96478.4,96500.1,16625.777,2025-02-21 18:59:59.999
2025-02-21 19:00:00,96500.1,96790.7,95201.2,95247.5,27879.408,2025-02-21 19:59:59.999
2025-02-21 20:00:00,95247.4,95636.3,94830.4,95034.3,16582.787,2025-02-21 20:59:59.999
2025-02-21 21:00:00,95034.3,95441.4,94970.3,95366.4,9243.607,2025-02-21 21:59:59.999
2025-02-21 22:00:00,95366.4,95888.0,95200.0,95786.5,7419.234,2025-02-21 22:59:59.999
2025-02-21 23:00:00,95786.5,96150.0,95613.0,96127.9,4810.358,2025-02-21 23:59:59.999
2025-02-22 00:00:00,96128.0,96156.4,95701.9,96138.9,5188.546,2025-02-22 00:59:59.999
2025-02-22 01:00:00,96138.8,96399.9,96067.5,96189.0,3525.913,2025-02-22 01:59:59.999
2025-02-22 02:00:00,96189.0,96399.0,96053.9,96296.1,2586.515,2025-02-22 02:59:59.999
2025-02-22 03:00:00,96296.2,96314.1,96100.0,96249.9,1586.876,2025-02-22 03:59:59.999
2025-02-22 04:00:00,96250.0,96433.0,96219.9,96350.0,2246.401,2025-02-22 04:59:59.999
2025-02-22 05:00:00,96350.0,96485.5,96258.5,96468.7,1793.08,2025-02-22 05:59:59.999
2025-02-22 06:00:00,96468.8,96542.7,96275.2,96340.1,1930.687,2025-02-22 06:59:59.999
2025-02-22 07:00:00,96340.0,96464.6,96232.6,96241.7,2115.51,2025-02-22 07:59:59.999
2025-02-22 08:00:00,96241.7,96301.2,96108.3,96175.0,2689.924,2025-02-22 08:59:59.999
2025-02-22 09:00:00,96175.0,96468.0,96107.0,96442.6,2876.948,2025-02-22 09:59:59.999
2025-02-22 10:00:00,96442.5,96525.0,96378.8,96437.9,3715.412,2025-02-22 10:59:59.999
2025-02-22 11:00:00,96437.9,96571.2,96437.8,96526.4,1827.693,2025-02-22 11:59:59.999
2025-02-22 12:00:00,96526.5,96988.0,96510.2,96781.1,6975.725,2025-02-22 12:59:59.999
2025-02-22 13:00:00,96781.0,96873.2,96460.0,96513.5,5580.809,2025-02-22 13:59:59.999
2025-02-22 14:00:00,96513.6,96662.4,96472.7,96481.6,2722.534,2025-02-22 14:59:59.999
2025-02-22 15:00:00,96481.6,96676.6,96444.2,96552.4,2842.651,2025-02-22 15:59:59.999
2025-02-22 16:00:00,96552.3,96771.0,96407.1,96459.7,4554.013,2025-02-22 16:59:59.999
2025-02-22 17:00:00,96459.7,96646.7,96423.6,96592.5,1779.25,2025-02-22 17:59:59.999
2025-02-22 18:00:00,96592.5,96794.6,96360.1,96415.6,2446.869,2025-02-22 18:59:59.999
2025-02-22 19:00:00,96415.6,96602.3,96333.8,96596.6,1773.651,2025-02-22 19:59:59.999
2025-02-22 20:00:00,96596.5,96600.0,96463.6,96526.9,1399.98,2025-02-22 20:59:59.999
2025-02-22 21:00:00,96526.9,96628.0,96466.6,96620.1,1290.244,2025-02-22 21:59:59.999
2025-02-22 22:00:00,96620.1,96659.5,96551.7,96580.0,1059.659,2025-02-22 22:59:59.999
2025-02-22 23:00:00,96580.1,96608.2,96432.6,96503.3,1283.26,2025-02-22 23:59:59.999
2025-02-23 00:00:00,96503.3,96602.9,96437.0,96589.3,1338.641,2025-02-23 00:59:59.999
2025-02-23 01:00:00,96589.4,96589.4,96309.6,96400.0,2248.563,2025-02-23 01:59:59.999
2025-02-23 02:00:00,96400.0,96453.8,96333.0,96357.3,1113.24,2025-02-23 02:59:59.999
2025-02-23 03:00:00,96357.3,96520.0,96330.0,96373.7,1221.031,2025-02-23 03:59:59.999
2025-02-23 04:00:00,96373.7,96476.0,96337.5,96350.0,1105.739,2025-02-23 04:59:59.999
2025-02-23 05:00:00,96349.9,96372.3,96147.2,96161.2,3449.522,2025-02-23 05:59:59.999
2025-02-23 06:00:00,96161.1,96307.1,96102.2,96297.9,2744.448,2025-02-23 06:59:59.999
2025-02-23 07:00:00,96297.9,96504.1,96242.3,96454.6,3524.132,2025-02-23 07:59:59.999
2025-02-23 08:00:00,96454.6,96459.4,96250.0,96314.6,2074.152,2025-02-23 08:59:59.999
2025-02-23 09:00:00,96314.6,96419.0,96207.9,96230.0,1700.127,2025-02-23 09:59:59.999
2025-02-23 10:00:00,96230.0,96248.4,96034.0,96146.6,2147.681,2025-02-23 10:59:59.999
2025-02-23 11:00:00,96146.7,96200.0,96030.0,96064.3,1694.339,2025-02-23 11:59:59.999
2025-02-23 12:00:00,96064.2,96118.1,95617.8,95691.6,6306.692,2025-02-23 12:59:59.999
2025-02-23 13:00:00,95691.5,95942.7,95680.5,95942.7,4122.735,2025-02-23 13:59:59.999
2025-02-23 14:00:00,95942.7,96000.0,95476.8,95540.3,5564.542,2025-02-23 14:59:59.999
2025-02-23 15:00:00,95540.3,95677.2,95326.8,95391.5,5377.771,2025-02-23 15:59:59.999
2025-02-23 16:00:00,95391.5,95564.4,95380.0,95380.6,2754.995,2025-02-23 16:59:59.999
2025-02-23 17:00:00,95380.6,95715.7,95180.2,95600.1,5198.164,2025-02-23 17:59:59.999
2025-02-23 18:00:00,95600.1,95823.5,95564.5,95685.0,2560.832,2025-02-23 18:59:59.999
2025-02-23 19:00:00,95685.1,95798.4,95648.9,95706.5,1420.591,2025-02-23 19:59:59.999
2025-02-23 20:00:00,95706.5,95768.6,95622.5,95734.8,957.325,2025-02-23 20:59:59.999
2025-02-23 21:00:00,95734.7,95734.8,95574.9,95710.7,1030.057,2025-02-23 21:59:59.999
2025-02-23 22:00:00,95710.8,95883.7,95476.5,95734.7,2049.345,2025-02-23 22:59:59.999
2025-02-23 23:00:00,95734.7,96290.0,95715.9,96218.4,7594.027,2025-02-23 23:59:59.999
2025-02-24 00:00:00,96218.4,96470.0,96105.5,96202.4,4711.975,2025-02-24 00:59:59.999
2025-02-24 01:00:00,96202.4,96300.0,95704.0,95934.2,4072.38,2025-02-24 01:59:59.999
2025-02-24 02:00:00,95934.2,96158.6,95708.0,95785.0,2855.39,2025-02-24 02:59:59.999
2025-02-24 03:00:00,95785.0,95785.0,95263.0,95388.1,6124.104,2025-02-24 03:59:59.999
2025-02-24 04:00:00,95388.0,95545.6,95018.0,95260.6,8433.734,2025-02-24 04:59:59.999
2025-02-24 05:00:00,95260.7,95725.9,95200.0,95681.6,3890.349,2025-02-24 05:59:59.999
2025-02-24 06:00:00,95681.6,95860.1,95571.1,95821.0,2674.942,2025-02-24 06:59:59.999
2025-02-24 07:00:00,95821.1,95918.4,95660.9,95834.2,2644.474,2025-02-24 07:59:59.999
2025-02-24 08:00:00,95834.2,95892.4,95345.0,95460.7,4945.718,2025-02-24 08:59:59.999
2025-02-24 09:00:00,95460.8,96147.5,95460.0,95711.6,6178.521,2025-02-24 09:59:59.999
2025-02-24 10:00:00,95711.7,95872.2,95282.4,95582.9,5046.959,2025-02-24 10:59:59.999
2025-02-24 11:00:00,95582.9,95819.0,95355.0,95774.8,3038.29,2025-02-24 11:59:59.999
2025-02-24 12:00:00,95774.9,95910.8,95628.1,95747.3,3151.567,2025-02-24 12:59:59.999
2025-02-24 13:00:00,95747.4,96055.1,95300.0,95546.1,10528.178,2025-02-24 13:59:59.999
2025-02-24 14:00:00,95546.0,95747.9,94529.4,94638.6,17558.183,2025-02-24 14:59:59.999
2025-02-24 15:00:00,94638.6,94935.1,93800.0,94295.9,28866.278,2025-02-24 15:59:59.999
2025-02-24 16:00:00,94295.9,94950.0,94122.9,94399.9,14121.67,2025-02-24 16:59:59.999
2025-02-24 17:00:00,94400.0,95182.3,94288.0,94616.0,9499.48,2025-02-24 17:59:59.999
2025-02-24 18:00:00,94616.0,94820.6,94084.3,94122.0,5472.224,2025-02-24 18:59:59.999
2025-02-24 19:00:00,94121.9,94536.1,93612.9,93916.1,10499.894,2025-02-24 19:59:59.999
2025-02-24 20:00:00,93917.4,94551.1,93795.8,93995.0,8667.714,2025-02-24 20:59:59.999
2025-02-24 21:00:00,93994.9,94328.3,93571.4,93957.7,6880.007,2025-02-24 21:59:59.999
2025-02-24 22:00:00,93957.7,93976.6,92300.0,92380.2,26155.859,2025-02-24 22:59:59.999
2025-02-24 23:00:00,92380.1,92828.6,91300.0,91514.5,21470.86,2025-02-24 23:59:59.999
2025-02-25 00:00:00,91514.5,92142.7,90850.0,91825.4,21851.253,2025-02-25 00:59:59.999
2025-02-25 01:00:00,91825.3,92375.0,91116.0,91982.0,14172.307,2025-02-25 01:59:59.999
2025-02-25 02:00:00,91982.0,92480.0,91545.7,92330.8,8435.292,2025-02-25 02:59:59.999
2025-02-25 03:00:00,92330.7,92500.0,91900.0,92125.3,5277.487,2025-02-25 03:59:59.999
2025-02-25 04:00:00,92125.3,92287.0,91780.2,91861.1,5642.241,2025-02-25 04:59:59.999
2025-02-25 05:00:00,91861.1,92080.0,91676.1,92035.3,4008.925,2025-02-25 05:59:59.999
2025-02-25 06:00:00,92035.4,92094.7,91176.0,91245.5,7766.747,2025-02-25 06:59:59.999
2025-02-25 07:00:00,91245.5,91400.6,88131.6,89262.9,74680.94,2025-02-25 07:59:59.999
2025-02-25 08:00:00,89262.8,89952.0,88943.6,89363.7,16402.273,2025-02-25 08:59:59.999
2025-02-25 09:00:00,89364.1,89550.0,88223.8,88267.6,20199.088,2025-02-25 09:59:59.999
2025-02-25 10:00:00,88267.5,88852.0,86800.0,88164.5,44378.298,2025-02-25 10:59:59.999
2025-02-25 11:00:00,88164.5,89300.0,87567.7,89186.8,19799.261,2025-02-25 11:59:59.999
2025-02-25 12:00:00,89186.9,89473.9,88854.1,89350.0,13435.509,2025-02-25 12:59:59.999
2025-02-25 13:00:00,89350.0,89499.9,88694.1,88788.1,8610.477,2025-02-25 13:59:59.999
2025-02-25 14:00:00,88788.1,89347.6,87036.8,87132.0,31194.626,2025-02-25 14:59:59.999
2025-02-25 15:00:00,87132.0,87745.0,86020.4,87206.9,55491.479,2025-02-25 15:59:59.999
2025-02-25 16:00:00,87206.8,87745.0,86125.9,87429.0,27402.82,2025-02-25 16:59:59.999
2025-02-25 17:00:00,87429.1,87775.0,86788.0,87219.7,16865.243,2025-02-25 17:59:59.999
2025-02-25 18:00:00,87219.7,87770.0,86860.0,87032.7,13302.573,2025-02-25 18:59:59.999
2025-02-25 19:00:00,87032.6,88048.9,86460.9,87914.3,14870.976,2025-02-25 19:59:59.999
2025-02-25 20:00:00,87914.2,88970.8,87578.1,88140.1,20731.71,2025-02-25 20:59:59.999
2025-02-25 21:00:00,88140.0,88800.0,87733.0,88775.7,7975.472,2025-02-25 21:59:59.999
2025-02-25 22:00:00,88775.1,89442.7,88462.6,88762.9,12408.31,2025-02-25 22:59:59.999
2025-02-25 23:00:00,88763.0,89098.4,88626.1,88639.1,7393.195,2025-02-25 23:59:59.999
2025-02-26 00:00:00,88639.1,88644.4,88101.9,88102.0,6089.318,2025-02-26 00:59:59.999
2025-02-26 01:00:00,88102.1,88806.5,88102.0,88653.4,4846.615,2025-02-26 01:59:59.999
2025-02-26 02:00:00,88653.2,89173.5,88386.3,88975.4,4975.461,2025-02-26 02:59:59.999
2025-02-26 03:00:00,88975.4,89367.1,88841.3,88851.8,5453.814,2025-02-26 03:59:59.999
2025-02-26 04:00:00,88851.8,89214.8,88650.4,88657.3,3932.541,2025-02-26 04:59:59.999
2025-02-26 05:00:00,88657.2,88854.5,88366.0,88387.8,4276.558,2025-02-26 05:59:59.999
2025-02-26 06:00:00,88387.9,88896.8,88369.8,88880.8,3437.467,2025-02-26 06:59:59.999
2025-02-26 07:00:00,88880.8,89133.3,88400.0,88682.3,4974.569,2025-02-26 07:59:59.999
2025-02-26 08:00:00,88682.3,88765.6,88092.0,88434.3,7066.063,2025-02-26 08:59:59.999
2025-02-26 09:00:00,88434.4,89276.9,88419.3,89079.0,9515.091,2025-02-26 09:59:59.999
2025-02-26 10:00:00,89079.0,89285.7,88851.6,89221.9,4135.587,2025-02-26 10:59:59.999
2025-02-26 11:00:00,89222.0,89228.7,88480.2,88570.0,6911.394,2025-02-26 11:59:59.999
2025-02-26 12:00:00,88570.1,88641.0,87558.2,87900.0,14440.132,2025-02-26 12:59:59.999
2025-02-26 13:00:00,87900.1,88046.0,87000.0,87150.0,13089.207,2025-02-26 13:59:59.999
2025-02-26 14:00:00,87150.0,87783.0,85377.2,87589.1,59104.724,2025-02-26 14:59:59.999
2025-02-26 15:00:00,87589.1,88500.0,87387.0,87536.4,26702.462,2025-02-26 15:59:59.999
2025-02-26 16:00:00,87536.5,87784.7,86224.1,86784.0,26808.355,2025-02-26 16:59:59.999
2025-02-26 17:00:00,86783.9,87276.9,85629.0,86010.0,18696.487,2025-02-26 17:59:59.999
2025-02-26 18:00:00,86010.0,86455.0,83265.5,84204.9,61434.51,2025-02-26 18:59:59.999
2025-02-26 19:00:00,84202.8,85027.0,83700.0,83832.0,30507.344,2025-02-26 19:59:59.999
2025-02-26 20:00:00,83832.0,84581.6,82222.0,84344.2,40465.857,2025-02-26 20:59:59.999
2025-02-26 21:00:00,84344.2,85103.3,83426.0,84585.6,25423.726,2025-02-26 21:59:59.999
2025-02-26 22:00:00,84585.6,85382.0,84122.0,84390.8,12415.398,2025-02-26 22:59:59.999
2025-02-26 23:00:00,84390.9,84741.4,83888.0,84208.5,6439.141,2025-02-26 23:59:59.999
2025-02-27 00:00:00,84208.6,84773.2,84000.0,84690.1,9969.907,2025-02-27 00:59:59.999
2025-02-27 01:00:00,84690.1,85397.1,84269.0,84714.0,8368.121,2025-02-27 01:59:59.999
2025-02-27 02:00:00,84714.0,85171.0,84162.0,84245.1,7509.197,2025-02-27 02:59:59.999
2025-02-27 03:00:00,84245.0,85298.2,84210.3,85174.0,6131.224,2025-02-27 03:59:59.999
2025-02-27 04:00:00,85174.0,85327.4,84640.1,85115.5,6005.322,2025-02-27 04:59:59.999
2025-02-27 05:00:00,85114.9,85897.0,85022.0,85832.5,9484.762,2025-02-27 05:59:59.999
2025-02-27 06:00:00,85832.6,86687.5,85650.1,86216.7,11148.649,2025-02-27 06:59:59.999
2025-02-27 07:00:00,86216.6,86566.6,86061.4,86227.9,6415.749,2025-02-27 07:59:59.999
2025-02-27 08:00:00,86228.0,86400.0,85858.0,86037.6,6867.383,2025-02-27 08:59:59.999
2025-02-27 09:00:00,86037.5,86336.5,85827.1,86136.7,7602.461,2025-02-27 09:59:59.999
2025-02-27 10:00:00,86136.8,87066.0,86007.0,86980.0,11533.543,2025-02-27 10:59:59.999
2025-02-27 11:00:00,86980.1,87058.4,86335.2,86655.3,10170.99,2025-02-27 11:59:59.999
2025-02-27 12:00:00,86655.4,86756.1,86196.8,86286.6,6801.59,2025-02-27 12:59:59.999
2025-02-27 13:00:00,86286.6,86733.5,85725.3,86078.8,14373.979,2025-02-27 13:59:59.999
2025-02-27 14:00:00,86078.9,86375.1,84915.8,84944.5,27496.857,2025-02-27 14:59:59.999
2025-02-27 15:00:00,84944.5,86119.9,84609.0,85473.0,23143.054,2025-02-27 15:59:59.999
2025-02-27 16:00:00,85472.9,85664.8,84323.3,84450.3,14467.451,2025-02-27 16:59:59.999
2025-02-27 17:00:00,84450.4,85023.6,84302.2,84568.3,9424.92,2025-02-27 17:59:59.999
2025-02-27 18:00:00,84568.3,84958.5,84468.5,84597.4,5619.939,2025-02-27 18:59:59.999
2025-02-27 19:00:00,84597.4,84610.3,83567.4,84084.0,14680.874,2025-02-27 19:59:59.999
2025-02-27 20:00:00,84084.0,84128.6,82667.0,83489.3,28365.295,2025-02-27 20:59:59.999
2025-02-27 21:00:00,83489.2,84396.1,83196.0,84379.9,10956.744,2025-02-27 21:59:59.999
2025-02-27 22:00:00,84379.9,84733.0,83858.0,84674.9,6562.345,2025-02-27 22:59:59.999
2025-02-27 23:00:00,84674.7,84894.0,84377.9,84668.1,6308.174,2025-02-27 23:59:59.999
2025-02-28 00:00:00,84668.2,84858.6,84200.0,84236.4,5924.84,2025-02-28 00:59:59.999
2025-02-28 01:00:00,84236.4,84383.4,81000.0,81606.8,48391.596,2025-02-28 01:59:59.999
2025-02-28 02:00:00,81606.0,82854.5,79500.0,80772.0,69216.756,2025-02-28 02:59:59.999
2025-02-28 03:00:00,80772.0,81509.0,80231.4,80429.2,26644.903,2025-02-28 03:59:59.999
2025-02-28 04:00:00,80429.2,80939.9,79301.3,80371.6,32880.855,2025-02-28 04:59:59.999
2025-02-28 05:00:00,80371.7,80512.7,79100.0,79938.4,25798.477,2025-02-28 05:59:59.999
2025-02-28 06:00:00,79938.3,80400.0,78921.4,79320.0,25137.525,2025-02-28 06:59:59.999
2025-02-28 07:00:00,79319.9,80225.6,78787.0,79159.9,26001.754,2025-02-28 07:59:59.999
2025-02-28 08:00:00,79159.9,79413.3,78200.2,78955.7,28483.918,2025-02-28 08:59:59.999
2025-02-28 09:00:00,78955.8,80696.0,78869.0,80299.9,24036.857,2025-02-28 09:59:59.999
2025-02-28 10:00:00,80299.9,80423.1,79500.6,79970.0,12550.974,2025-02-28 10:59:59.999
2025-02-28 11:00:00,79969.9,80800.0,79940.1,80474.3,10998.526,2025-02-28 11:59:59.999
2025-02-28 12:00:00,80474.4,80797.5,80030.0,80747.4,9369.559,2025-02-28 12:59:59.999
2025-02-28 13:00:00,80747.5,81715.0,80569.9,81462.3,24527.146,2025-02-28 13:59:59.999
2025-02-28 14:00:00,81462.2,82500.0,81037.2,82056.0,30502.052,2025-02-28 14:59:59.999
2025-02-28 15:00:00,82056.1,84380.9,81943.0,83948.1,39526.472,2025-02-28 15:59:59.999
2025-02-28 16:00:00,83948.1,84888.0,83450.1,84310.3,27057.406,2025-02-28 16:59:59.999
2025-02-28 17:00:00,84310.3,84352.3,83565.5,83571.3,14706.018,2025-02-28 17:59:59.999
2025-02-28 18:00:00,83571.4,85084.5,83153.3,84391.3,22146.457,2025-02-28 18:59:59.999
2025-02-28 19:00:00,84391.3,84760.0,84163.0,84393.3,8811.224,2025-02-28 19:59:59.999
2025-02-28 20:00:00,84393.3,84743.8,83555.0,84142.5,11446.685,2025-02-28 20:59:59.999
2025-02-28 21:00:00,84140.0,84550.0,83954.7,84200.1,5274.512,2025-02-28 21:59:59.999
2025-02-28 22:00:00,84200.1,84441.2,83830.6,84107.6,3675.897,2025-02-28 22:59:59.999
2025-02-28 23:00:00,84107.5,84513.1,83968.7,84299.6,3232.822,2025-02-28 23:59:59.999
2025-03-01 00:00:00,84299.6,84588.4,83779.0,83817.1,4104.741,2025-03-01 00:59:59.999
2025-03-01 01:00:00,83817.1,84839.0,83804.9,84615.1,6537.229,2025-03-01 01:59:59.999
2025-03-01 02:00:00,84615.1,85638.0,84312.6,85187.5,14916.338,2025-03-01 02:59:59.999
2025-03-01 03:00:00,85187.4,85462.5,84900.1,85279.3,5944.68,2025-03-01 03:59:59.999
2025-03-01 04:00:00,85279.1,86516.5,85256.4,86130.0,16327.471,2025-03-01 04:59:59.999
2025-03-01 05:00:00,86130.0,86215.0,85527.8,85545.1,6266.144,2025-03-01 05:59:59.999
2025-03-01 06:00:00,85546.6,85619.0,84777.0,85023.9,10272.292,2025-03-01 06:59:59.999
2025-03-01 07:00:00,85023.8,85023.9,84698.8,84707.3,6375.16,2025-03-01 07:59:59.999
2025-03-01 08:00:00,84707.2,85290.0,84707.2,85260.0,5623.6,2025-03-01 08:59:59.999
2025-03-01 09:00:00,85260.1,85452.4,85070.8,85334.9,4460.275,2025-03-01 09:59:59.999
2025-03-01 10:00:00,85334.9,85395.0,84750.0,84848.5,6774.941,2025-03-01 10:59:59.999
2025-03-01 11:00:00,84848.5,84924.9,84343.0,84593.6,9230.341,2025-03-01 11:59:59.999
2025-03-01 12:00:00,84593.6,84908.5,84422.5,84712.9,4891.452,2025-03-01 12:59:59.999
2025-03-01 13:00:00,84712.8,84900.0,84285.0,84484.9,5475.083,2025-03-01 13:59:59.999
2025-03-01 14:00:00,84484.9,84808.5,84374.4,84667.5,3845.874,2025-03-01 14:59:59.999
2025-03-01 15:00:00,84667.5,84883.6,84505.7,84755.1,3502.254,2025-03-01 15:59:59.999
2025-03-01 16:00:00,84755.0,85235.0,84652.0,85222.1,5411.344,2025-03-01 16:59:59.999
2025-03-01 17:00:00,85222.0,85344.1,84900.8,85165.8,4274.777,2025-03-01 17:59:59.999
2025-03-01 18:00:00,85165.9,85294.5,85023.1,85286.1,3082.162,2025-03-01 18:59:59.999
2025-03-01 19:00:00,85286.2,85613.4,85161.0,85431.2,4168.535,2025-03-01 19:59:59.999
2025-03-01 20:00:00,85431.1,85556.8,85290.1,85489.1,2034.149,2025-03-01 20:59:59.999
2025-03-01 21:00:00,85489.9,86130.0,85239.6,86028.8,4899.702,2025-03-01 21:59:59.999
2025-03-01 22:00:00,86028.9,86219.7,85615.3,86064.4,4765.245,2025-03-01 22:59:59.999
2025-03-01 23:00:00,86064.5,86157.0,85631.0,86007.7,3812.882,2025-03-01 23:59:59.999
2025-03-02 00:00:00,86007.7,86284.8,85753.0,85975.1,5120.081,2025-03-02 00:59:59.999
2025-03-02 01:00:00,85975.1,86300.0,85928.0,86299.9,3510.21,2025-03-02 01:59:59.999
2025-03-02 02:00:00,86299.9,86449.9,85571.8,85733.4,6550.961,2025-03-02 02:59:59.999
2025-03-02 03:00:00,85733.4,86176.3,85720.0,85811.9,3348.65,2025-03-02 03:59:59.999
2025-03-02 04:00:00,85812.0,85830.1,85490.0,85699.2,3464.634,2025-03-02 04:59:59.999
2025-03-02 05:00:00,85699.2,86007.8,85625.1,85910.1,2150.77,2025-03-02 05:59:59.999
2025-03-02 06:00:00,85910.1,86515.0,85870.0,86228.4,5471.514,2025-03-02 06:59:59.999
2025-03-02 07:00:00,86228.4,86310.0,86035.0,86191.4,2772.807,2025-03-02 07:59:59.999
2025-03-02 08:00:00,86191.4,86219.5,85644.6,85693.6,7645.69,2025-03-02 08:59:59.999
2025-03-02 09:00:00,85693.6,86072.9,85605.0,85844.9,3795.676,2025-03-02 09:59:59.999
2025-03-02 10:00:00,85845.0,85957.6,85732.0,85950.0,2263.141,2025-03-02 10:59:59.999
2025-03-02 11:00:00,85949.9,86175.6,85900.0,86047.0,2992.527,2025-03-02 11:59:59.999
2025-03-02 12:00:00,86047.1,86055.7,85689.2,85943.1,2986.043,2025-03-02 12:59:59.999
2025-03-02 13:00:00,85943.2,85948.0,85438.4,85677.5,4651.619,2025-03-02 13:59:59.999
2025-03-02 14:00:00,85677.4,85871.5,85015.0,85076.3,11486.509,2025-03-02 14:59:59.999
2025-03-02 15:00:00,85076.4,88644.0,85030.1,87390.1,55471.471,2025-03-02 15:59:59.999
2025-03-02 16:00:00,87390.1,91943.9,87236.0,91165.4,74609.183,2025-03-02 16:59:59.999
2025-03-02 17:00:00,91165.5,93745.6,90601.3,93650.0,45234.98,2025-03-02 17:59:59.999
